Country Name,Country Code,Indicator Name,Indicator Code,1960,1961,1962,1963,1964,1965,1966,1967,1968,1969,1970,1971,1972,1973,1974,1975,1976,1977,1978,1979,1980,1981,1982,1983,1984,1985,1986,1987,1988,1989,1990,1991,1992,1993,1994,1995,1996,1997,1998,1999,2000,2001,2002,2003,2004,2005,2006,2007,2008,2009,2010,2011,2012,2013,2014,2015,2016,2017,2018,2019,2020,2021,2022,2023,2024
Aruba,ABW,Carbon dioxide (CO2) emissions excluding LULUCF per capita (t CO2e/capita),EN.GHG.CO2.PC.CE.AR5,,,,,,,,,,,0.427480916,0.489954237,0.680483057,0.759875813,0.745514062,0.984647054,0.966282895,1.14544213,1.223288417,1.282289537,1.332020231,1.368822548,1.334943534,1.356302629,1.567542646,1.686430793,1.897181759,2.175493162,2.406836224,3.265886869,3.201440569,3.432681802,3.631620897,3.411820588,3.680649526,3.937096673,2.488526999,3.970985272,3.967168263,3.965023032,2.965072637,2.969192576,3.22132198,3.671291126,3.667304337,3.941209607,4.262361048,4.568147778,4.498746495,4.849218535,4.734971229,2.828708171,3.600998943,3.901585048,4.126134055,4.281504272,4.459793795,4.291166598,4.27792265,5.108834006,4.168086419,4.648096565,4.684558755,4.936707682,
Africa Eastern and Southern,AFE,Carbon dioxide (CO2) emissions excluding LULUCF per capita (t CO2e/capita),EN.GHG.CO2.PC.CE.AR5,,,,,,,,,,,1.355302964,1.308636704,1.321971856,1.401467928,1.397943475,1.421605018,1.443173843,1.421212299,1.283740913,1.272958355,1.308881247,1.319024419,1.292978982,1.265229002,1.298204387,1.289079863,1.2537471,1.290587728,1.273488144,1.227436014,1.232868988,1.174578007,1.123987955,1.093278599,1.088835819,1.11724841,1.128709727,1.145021672,1.136120713,1.073663127,1.062240409,1.064005253,1.069149856,1.096139047,1.150298733,1.15243439,1.142417212,1.16052182,1.192123437,1.108091443,1.107587414,1.067058723,1.073628687,1.086449162,1.096416272,1.043372669,1.026116204,1.012872687,0.997156909,0.983491717,0.845417186,0.863532874,0.816361437,0.784640732,
Afghanistan,AFG,Carbon dioxide (CO2) emissions excluding LULUCF per capita (t CO2e/capita),EN.GHG.CO2.PC.CE.AR5,,,,,,,,,,,0.153576647,0.149874646,0.142875269,0.142613928,0.175657847,0.158838837,0.144917427,0.171099749,0.142093699,0.150802966,0.152354212,0.18930971,0.210128339,0.274931759,0.288171252,0.36085179,0.345146625,0.287394828,0.267970159,0.243892415,0.242593598,0.232619344,0.137051251,0.119439166,0.103699548,0.085726829,0.079782626,0.075037566,0.074133627,0.069163057,0.05047608,0.046572949,0.044077783,0.044340731,0.037897929,0.051887829,0.055392338,0.07756123,0.144751528,0.221465726,0.275380975,0.388742453,0.319626608,0.262469648,0.238642815,0.246706025,0.216929892,0.226011227,0.215877625,0.191490829,0.180555013,0.198267958,0.20355189,0.210043425,
Africa Western and Central,AFW,Carbon dioxide (CO2) emissions excluding LULUCF per capita (t CO2e/capita),EN.GHG.CO2.PC.CE.AR5,,,,,,,,,,,0.347426517,0.457250756,0.550164838,0.697791103,0.843932738,0.658420683,0.726803307,0.618096405,0.625056947,0.802119491,0.719124232,0.603436173,0.562498642,0.557790034,0.550276532,0.55786347,0.528906564,0.497012633,0.521120417,0.53216549,0.490402474,0.501841936,0.528290038,0.506310369,0.477636486,0.507183274,0.571195525,0.553488161,0.518728097,0.511601787,0.533661233,0.551083899,0.502950754,0.528566211,0.510387031,0.500513165,0.464381052,0.437051092,0.451267465,0.417316125,0.456851165,0.473954567,0.470348079,0.504400161,0.513469247,0.499586915,0.506323433,0.495060473,0.509712919,0.518890459,0.49715916,0.512748783,0.505462163,0.482217276,
Angola,AGO,Carbon dioxide (CO2) emissions excluding LULUCF per capita (t CO2e/capita),EN.GHG.CO2.PC.CE.AR5,,,,,,,,,,,1.526434923,1.422025531,1.678921303,1.776152503,1.785263089,1.593567801,1.030720328,1.644408471,1.876309766,1.806935895,1.760059662,1.568624522,1.459325147,1.455612105,1.417008022,1.442225885,1.4050269,1.381386565,1.375600746,1.343899691,0.965968712,0.979787216,0.975473353,0.946555875,0.867215446,0.945511672,1.106402503,1.118802042,1.123819789,1.150898675,1.019576015,0.966865641,0.918494718,0.965775643,0.951069769,0.810676973,0.815387085,0.820836438,0.88603298,0.940848252,0.976178185,0.976532177,0.981682219,1.090522602,1.137202706,1.175429272,1.072053077,0.924168969,0.839018754,0.851665228,0.619138988,0.73156742,0.767587421,0.768162509,
Albania,ALB,Carbon dioxide (CO2) emissions excluding LULUCF per capita (t CO2e/capita),EN.GHG.CO2.PC.CE.AR5,,,,,,,,,,,2.268811822,2.211346009,2.460093637,2.15604471,2.267795231,2.25550153,2.357754199,2.466992846,2.657947383,3.031783552,3.021522854,2.594444135,2.612167319,2.739911954,2.902876951,2.723287738,2.696786082,2.689287376,2.609396322,2.449206817,2.021881966,1.34061265,0.72773995,0.688720898,0.730810192,0.649353909,0.64863592,0.502019991,0.61201267,0.992866007,1.046446017,1.123890708,1.313138928,1.385438161,1.458238835,1.377558661,1.381665852,1.429082729,1.423194135,1.460144238,1.564321026,1.716993179,1.562852861,1.647374246,1.763799434,1.688303168,1.575153307,1.858910713,1.850978378,1.73551805,1.607132726,1.792282583,1.659293031,1.672194764,
Andorra,AND,Carbon dioxide (CO2) emissions excluding LULUCF per capita (t CO2e/capita),EN.GHG.CO2.PC.CE.AR5,,,,,,,,,,,,,,,,,,,,,,,,,,,,,,,,,,,,,,,,,,,,,,,,,,,,,,,,,,,,,,,,,
Arab World,ARB,Carbon dioxide (CO2) emissions excluding LULUCF per capita (t CO2e/capita),EN.GHG.CO2.PC.CE.AR5,,,,,,,,,,,2.24711095,2.332056563,2.532970412,2.846150086,2.704651552,2.633609776,3.013188254,3.01418507,3.123255687,3.241377252,3.299281178,3.006022657,3.028244409,3.044676406,2.926810468,2.951719607,2.989598431,3.035860308,3.108301445,3.164338793,3.054163809,3.072479722,3.192236679,3.321922722,3.433509575,3.448098606,3.453320596,3.531726351,3.491071953,3.464533454,3.506669346,3.628226463,3.662570903,3.683577756,3.799737436,3.97372625,4.074203344,4.133140011,4.327413953,4.371369733,4.542205018,4.5598675,4.770973998,4.749155878,4.800313015,4.796052633,4.743015013,4.71887557,4.600947837,4.572471903,4.27290949,4.400698103,4.403588402,4.380929489,
United Arab Emirates,ARE,Carbon dioxide (CO2) emissions excluding LULUCF per capita (t CO2e/capita),EN.GHG.CO2.PC.CE.AR5,,,,,,,,,,,67.93142921,75.90373313,72.06854816,82.13492698,73.62841376,67.56745804,74.01122972,64.59563312,65.01061445,41.53408406,40.50260904,34.60047006,32.63544158,29.78438523,38.27056132,37.60148515,34.23380263,33.07606699,30.3184468,31.81046914,29.96891825,32.2542417,29.56519272,29.66306991,31.16951896,31.79188733,31.1410229,29.92166564,28.44280447,27.29704664,25.31988007,27.19399827,26.16197932,25.95604439,25.96987063,26.25239293,25.39330419,24.3827555,26.0607102,24.65118089,25.03024089,24.95088351,25.03175291,25.3376205,24.55546539,24.293209,23.75125278,22.14604978,20.0129971,20.92386181,20.794608,21.02578633,20.5359774,19.64862576,
Argentina,ARG,Carbon dioxide (CO2) emissions excluding LULUCF per capita (t CO2e/capita),EN.GHG.CO2.PC.CE.AR5,,,,,,,,,,,3.667304665,3.623285912,3.640407643,3.705197695,3.663599783,3.513810158,3.636970959,3.727070136,3.633312175,3.782099355,3.635144531,3.470943729,3.388397602,3.451337285,3.376595988,3.1055192,3.298658509,3.427400477,3.49377726,3.339731451,3.058612248,3.177606554,3.190850278,3.258139023,3.313254361,3.315321748,3.563984281,3.642126438,3.794254837,3.803231674,3.675005611,3.490969061,3.262085817,3.51976128,3.857510409,3.918724707,4.104215537,4.327089125,4.435786748,4.036599735,4.296677439,4.430183946,4.479556231,4.538012193,4.418040775,4.513930258,4.422979854,4.321155547,4.251246258,4.075445377,3.76439263,4.20773344,4.26096743,4.035679689,
Armenia,ARM,Carbon dioxide (CO2) emissions excluding LULUCF per capita (t CO2e/capita),EN.GHG.CO2.PC.CE.AR5,,,,,,,,,,,4.079562682,4.005591315,4.202005449,4.473252092,4.720811332,5.045158657,5.050165622,5.069920047,5.104409277,5.184016507,5.478444302,5.561135299,5.682890188,5.649218136,5.634000683,5.597939169,5.597316051,5.600116568,5.527484073,5.264587145,5.850042566,5.976269356,3.073075912,1.481265051,0.8346584,1.070631377,0.791189285,1.028374245,1.082346004,0.980082001,1.108192853,1.131234822,0.969216826,1.090557738,1.187715252,1.418287567,1.421604682,1.658621355,1.829613553,1.468297456,1.411849711,1.619505268,1.874673457,1.817471873,1.911307983,1.869333688,1.796043177,1.909310599,2.004344897,2.168472574,2.334560189,2.534922189,2.454971036,2.606045272,
American Samoa,ASM,Carbon dioxide (CO2) emissions excluding LULUCF per capita (t CO2e/capita),EN.GHG.CO2.PC.CE.AR5,,,,,,,,,,,0.003700141,0.003632005,0.003572066,0.003516669,0.003463203,0.003402518,0.003337895,0.003276433,0.003217917,0.003163456,0.003086134,0.002977608,0.002864591,0.002757024,0.002654844,0.002557349,0.002464815,0.002376878,0.002292789,0.00221283,0.002144082,0.002088467,0.002039235,0.00199366,0.001951181,0.001911461,0.001874309,0.00183952,0.001807207,0.001777841,0.00175886,0.001752756,0.00175248,0.001755279,0.001760006,0.001766254,0.001773867,0.001782118,0.001791216,0.001800893,0.001810676,0.00182166,0.001835233,0.001851646,0.001870348,0.001891146,0.001914059,0.00193851,0.001964328,0.001991675,0.002009606,0.002031488,0.002068595,0.002104333,
Antigua and Barbuda,ATG,Carbon dioxide (CO2) emissions excluding LULUCF per capita (t CO2e/capita),EN.GHG.CO2.PC.CE.AR5,,,,,,,,,,,1.586908009,1.580435354,1.928344812,1.953622828,1.746854413,2.122526982,1.927480317,2.124894303,2.119054312,2.087936024,2.056949762,1.798499961,2.278305163,1.313641544,1.607533677,1.620968866,1.722260253,2.286304069,2.481806894,2.555073036,2.595693401,2.593591746,2.569716167,2.45932883,2.628547492,2.696915925,2.62023789,2.716282212,2.728829476,2.717671653,1.807454079,1.739210454,1.943348219,2.096707925,2.107496284,2.160505458,2.429159843,2.622882601,2.782468159,3.162534304,3.264181903,2.457953019,2.591107036,2.944449491,3.148763589,3.252468991,3.497871489,3.061856126,3.243296747,3.724661792,3.00394138,3.304854411,3.301378716,3.462428737,
Australia,AUS,Carbon dioxide (CO2) emissions excluding LULUCF per capita (t CO2e/capita),EN.GHG.CO2.PC.CE.AR5,,,,,,,,,,,12.82297114,12.53054804,12.74621689,13.25250374,13.61555782,13.93471532,13.99444167,14.77337937,14.34660816,14.59593496,15.11126463,14.94142031,15.09870065,14.14452828,14.34709483,15.07035078,14.88263772,15.34594402,15.62912756,16.3051277,16.27367225,16.18450691,16.19765502,16.27598667,16.42055126,16.81167919,17.15639492,17.49824961,18.38544434,18.50456171,18.59653067,18.69850536,18.90828055,18.66639163,19.16155756,19.03596519,19.07740202,19.23720817,19.02589834,18.91323819,18.84884769,18.47847612,18.18109558,17.53934787,16.87948544,16.81820978,16.88676245,16.70572857,16.39235952,16.09880407,15.30333755,14.97648549,14.41042324,14.01791641,
Austria,AUT,Carbon dioxide (CO2) emissions excluding LULUCF per capita (t CO2e/capita),EN.GHG.CO2.PC.CE.AR5,,,,,,,,,,,7.093423057,7.417296648,7.667624444,8.061570382,7.720398293,7.434149771,8.152626553,7.791021388,8.048934816,8.385843955,8.140068267,7.662045448,7.371978865,7.385991105,7.625471571,7.816459649,7.651859483,7.72418453,7.529098652,7.495688403,8.017778415,8.446334062,7.717350561,7.660967819,7.697882012,8.058739264,8.540300894,8.475144643,8.53620423,8.286125537,8.324302639,8.875080776,9.059191975,9.62461874,9.741242193,9.772930381,9.46564254,9.093884422,9.041270945,8.156977741,8.823656014,8.603166269,8.188276832,8.209216159,7.71428197,7.794914528,7.758392559,7.968829106,7.599868831,7.717772232,7.020382951,7.389102276,6.771146749,6.44071828,
Azerbaijan,AZE,Carbon dioxide (CO2) emissions excluding LULUCF per capita (t CO2e/capita),EN.GHG.CO2.PC.CE.AR5,,,,,,,,,,,4.684158119,4.590143764,4.798523588,5.105061978,5.403693177,5.750538315,5.836602664,5.950818138,6.185604444,6.322220941,6.561837513,6.653877192,6.671909777,6.69904641,6.708100824,6.714931448,6.744930062,6.783363756,6.671708772,6.594541125,7.821984056,7.541168704,6.082497409,5.254963441,4.543114967,4.408661197,3.658611362,3.49825535,3.459737141,3.431474116,3.577566285,3.417126936,3.363493413,3.616096477,3.551543972,3.72018089,3.764407069,3.370211973,3.677864756,3.127466193,2.94177417,3.212518977,3.472606506,3.526813405,3.641721269,3.577695099,3.526907467,3.47367418,3.497253609,3.689171585,3.507735615,3.692594511,3.887571344,4.211776334,
Burundi,BDI,Carbon dioxide (CO2) emissions excluding LULUCF per capita (t CO2e/capita),EN.GHG.CO2.PC.CE.AR5,,,,,,,,,,,0.01651356,0.016144687,0.016090113,0.016611337,0.017334532,0.017489277,0.01769421,0.017823155,0.017608304,0.019554993,0.018500328,0.01933853,0.015743187,0.018654357,0.021577338,0.021116232,0.021737376,0.030889211,0.042793291,0.044556488,0.035868648,0.049598018,0.038030816,0.043668638,0.044943395,0.041672738,0.044757389,0.044760811,0.046354452,0.046598197,0.045547321,0.035331188,0.032443687,0.02603947,0.029887879,0.024237874,0.029533865,0.045565516,0.026029796,0.024900404,0.034256057,0.043105675,0.040125,0.043767131,0.037639638,0.039085483,0.042884657,0.046598687,0.060786988,0.064804425,0.069913409,0.068443276,0.063027842,0.061675232,
Belgium,BEL,Carbon dioxide (CO2) emissions excluding LULUCF per capita (t CO2e/capita),EN.GHG.CO2.PC.CE.AR5,,,,,,,,,,,14.42245283,13.35022612,14.49345415,15.00205303,14.83539541,13.02869183,13.98767822,13.7077612,14.14462311,15.07046538,13.97449216,12.76695708,11.98489941,11.00300136,11.28682915,11.03704611,11.09032275,11.0914797,11.28377008,11.35102026,11.61876156,11.96775127,11.70985066,11.47275391,12.07156904,12.07643114,12.544418,12.22036205,12.48692542,12.03125943,12.19066943,12.24256482,11.46771175,11.88994012,11.70516231,11.37026957,11.01552547,10.63679569,10.67992422,9.948026642,10.55262195,9.473636434,9.281257867,9.357352053,8.718351597,9.080833791,8.936301199,8.764748586,8.759746825,8.693765678,7.996374605,8.307386506,7.68302111,7.152207908,
Benin,BEN,Carbon dioxide (CO2) emissions excluding LULUCF per capita (t CO2e/capita),EN.GHG.CO2.PC.CE.AR5,,,,,,,,,,,0.101596806,0.115383376,0.143910775,0.145119714,0.145421757,0.159226472,0.103589948,0.117879158,0.122125538,0.133428379,0.136398921,0.110194693,0.12428439,0.119117228,0.11884078,0.135896512,0.118235367,0.104202855,0.091517776,0.078255924,0.075187272,0.064054407,0.067517005,0.065404262,0.064020277,0.063708762,0.168073196,0.207158497,0.193593362,0.205674344,0.213927099,0.249328596,0.279072458,0.303194588,0.313478433,0.332405902,0.443804509,0.491044809,0.472895495,0.492353742,0.51841881,0.491280485,0.454246567,0.464018772,0.494850229,0.511298574,0.610839162,0.601464479,0.665910436,0.630789231,0.656051196,0.481443319,0.481049422,0.456231627,
Burkina Faso,BFA,Carbon dioxide (CO2) emissions excluding LULUCF per capita (t CO2e/capita),EN.GHG.CO2.PC.CE.AR5,,,,,,,,,,,0.040336495,0.039698675,0.038865319,0.039445683,0.041660415,0.042407007,0.043005206,0.043445568,0.043089165,0.048226593,0.046143439,0.043107608,0.039113392,0.041503727,0.039049151,0.036700298,0.043444726,0.060008686,0.05732417,0.046249513,0.035624775,0.048878977,0.040813041,0.041755671,0.044360822,0.044412472,0.047982619,0.074728675,0.068608047,0.068898917,0.073690546,0.08244001,0.084852042,0.091389037,0.079048731,0.081674559,0.080612468,0.109973423,0.12494353,0.117466088,0.121750703,0.134102289,0.152157951,0.173841701,0.15136487,0.207940498,0.201573779,0.224113239,0.243185731,0.263253155,0.256975635,0.269703772,0.27295258,0.260547136,
Bangladesh,BGD,Carbon dioxide (CO2) emissions excluding LULUCF per capita (t CO2e/capita),EN.GHG.CO2.PC.CE.AR5,,,,,,,,,,,0.048341348,0.047600375,0.048427226,0.055591054,0.056900542,0.0664433,0.069506955,0.070564225,0.073868464,0.080390926,0.087681355,0.086337009,0.090769216,0.095048883,0.089672372,0.097707993,0.105056169,0.11327344,0.11882927,0.128645813,0.132268282,0.123632634,0.135672295,0.143494128,0.149566433,0.177625891,0.17686861,0.188333834,0.188840145,0.19778202,0.20048266,0.238508145,0.247169768,0.255250836,0.265234027,0.27899306,0.296997446,0.312232079,0.343315957,0.365306179,0.399174831,0.425099568,0.450489808,0.460371266,0.485151359,0.53600763,0.584386984,0.622894753,0.645077045,0.655345934,0.616107742,0.695944755,0.732520444,0.727798394,
Bulgaria,BGR,Carbon dioxide (CO2) emissions excluding LULUCF per capita (t CO2e/capita),EN.GHG.CO2.PC.CE.AR5,,,,,,,,,,,8.135025385,8.083095967,8.315139572,8.385683416,8.429836342,8.974809712,9.035954266,9.330667025,10.00765597,10.36545682,10.67602848,10.20338614,10.38322921,10.25213491,10.05641425,10.29831103,10.42357865,10.4460205,10.33882517,10.33026802,9.182099836,7.520393885,7.262389809,7.416428076,7.108646073,7.300263012,7.373141567,7.13762207,6.885827003,6.104115838,5.896424212,6.295580725,6.072926153,6.875620794,6.66863206,6.853152094,7.108688805,7.638743288,7.281996103,6.250863899,6.694210976,7.455110877,6.832174268,6.208221922,6.688954322,7.138114823,6.835139239,7.243291216,6.889359507,6.736428258,6.028504452,7.036020003,7.744369497,6.172652978,
Bahrain,BHR,Carbon dioxide (CO2) emissions excluding LULUCF per capita (t CO2e/capita),EN.GHG.CO2.PC.CE.AR5,,,,,,,,,,,13.24724544,12.98817248,14.80796157,17.71659094,19.81541641,19.4218392,20.03807119,21.06430793,21.25921365,21.66559424,21.01242973,21.62056521,21.98597871,22.04778055,21.78661412,22.4183122,24.5788575,23.16345975,23.57640401,22.96376428,23.30413736,22.99802009,26.36284073,27.77632137,27.55425578,27.2745979,27.52600245,27.60004413,28.49421832,27.90049421,27.87327748,27.82709023,27.05906526,26.02440495,24.18308667,26.29345358,26.49767186,24.87445817,25.07385618,23.46847248,23.47113613,24.2703051,24.99354819,25.63918828,25.33330493,24.42892984,23.5029774,22.48720285,22.50296223,24.83380017,25.0267626,24.77829516,23.80092255,23.7312618,
"Bahamas, The",BHS,Carbon dioxide (CO2) emissions excluding LULUCF per capita (t CO2e/capita),EN.GHG.CO2.PC.CE.AR5,,,,,,,,,,,7.790487723,7.669092567,8.801101732,8.555662355,7.312191369,7.322070076,6.323979842,6.873154862,6.826480039,6.895675415,6.648288794,5.746490064,4.633562469,3.35679082,3.237926088,2.820812628,2.903283424,3.372592437,3.387152465,3.897808819,3.936291652,3.495873274,2.960196134,2.986211939,3.252515101,3.699317656,4.064087662,4.036937447,4.572753101,4.054578335,3.078110766,3.025903196,3.275796559,2.410776538,2.571060268,2.501061374,3.143164693,3.716879779,3.801239808,3.120917285,3.491093344,2.297641561,2.708346095,2.878984993,2.972027057,2.906997867,3.209081187,3.517676735,3.928019413,4.489516691,3.631054178,4.011625413,4.01672293,4.215151212,
Bosnia and Herzegovina,BIH,Carbon dioxide (CO2) emissions excluding LULUCF per capita (t CO2e/capita),EN.GHG.CO2.PC.CE.AR5,,,,,,,,,,,3.057419777,3.038082878,2.954469683,3.187111306,3.4174954,3.45201391,3.382975174,3.531484932,3.668200008,3.757737097,3.590301478,3.942386353,4.046433394,4.246314862,4.386716815,4.583471505,4.764500707,4.374333466,4.427732487,4.484929239,5.523718196,4.932572483,3.832153848,3.488145162,0.885593325,0.945697611,1.135024718,2.170683737,2.702136962,2.636923908,3.432929361,3.37265441,3.540399455,3.634705373,3.871492473,4.111785373,4.599298299,4.914207918,5.484397387,5.582177817,5.8285093,6.752261881,6.350867126,6.428054931,5.83253783,5.918703235,6.766967953,6.996011879,7.103513434,6.753333475,6.828892609,7.077182798,7.087083695,6.90618394,
Belarus,BLR,Carbon dioxide (CO2) emissions excluding LULUCF per capita (t CO2e/capita),EN.GHG.CO2.PC.CE.AR5,,,,,,,,,,,6.64699115,6.602424246,6.996933714,7.590443491,8.164036943,8.723892388,9.06159813,9.320131037,9.64088189,9.915974541,10.22159079,10.34478888,10.37079583,10.35460734,10.23719475,10.16988471,10.145813,10.13658392,9.950759369,9.579370698,10.3570513,9.970571068,8.989357381,7.743921555,6.609171547,5.927604646,6.039262099,6.108733312,5.987462424,5.800430808,5.637284423,5.53815064,5.594093709,5.698798652,6.082724761,6.210433349,6.502945781,6.385859234,6.796946049,6.483535364,6.971619923,6.654615906,6.802944393,6.822615739,6.770249081,6.253707295,6.237135508,6.366536635,6.733822203,6.515507086,6.201055187,6.303376965,6.158015039,5.902586732,
Belize,BLZ,Carbon dioxide (CO2) emissions excluding LULUCF per capita (t CO2e/capita),EN.GHG.CO2.PC.CE.AR5,,,,,,,,,,,0.491154254,0.482879362,0.577496872,0.574953537,0.505519367,0.60051999,0.534188837,0.576949966,0.565195764,0.547720888,0.528739436,0.475179116,0.405118389,0.387723373,0.449876284,0.44140272,0.558029053,0.475084336,0.364767668,0.536550777,0.686053879,0.769888794,0.628851783,0.600814768,0.571078419,0.629451471,0.507346298,0.848026636,0.832248982,0.840130611,0.574337933,0.5660704,0.548808831,0.56183183,0.500574188,0.535514476,0.603033229,0.566024992,0.531605561,0.626651398,0.726006651,0.455548155,0.485027541,0.598606082,0.583223233,0.690365473,0.711259785,0.75937428,0.648561645,0.695904144,0.560371739,0.621227988,0.649810172,0.677440855,
Bermuda,BMU,Carbon dioxide (CO2) emissions excluding LULUCF per capita (t CO2e/capita),EN.GHG.CO2.PC.CE.AR5,,,,,,,,,,,2.662880823,2.63653126,3.200575725,3.220262154,2.863012666,3.461386437,3.132869761,3.452608679,3.445565309,3.4026571,3.353641496,2.842750523,2.796624193,2.875294375,3.090503725,2.993861055,2.916495196,4.411268106,5.141184148,6.345288733,4.386803106,3.930394592,3.083534508,3.417437432,3.363516573,3.363236233,3.412301674,3.483058311,3.538976566,3.556704404,2.441917141,2.401926714,2.663255125,2.740999583,2.763967708,2.964392212,3.685902537,4.397714648,4.404423381,3.848029576,4.847391134,2.405347308,2.790434591,3.111334822,4.278361063,3.631980335,4.909454838,4.485828431,4.88790713,5.590653127,4.900438011,5.121581487,5.133670018,5.417478129,
Bolivia,BOL,Carbon dioxide (CO2) emissions excluding LULUCF per capita (t CO2e/capita),EN.GHG.CO2.PC.CE.AR5,,,,,,,,,,,0.658495297,0.803137053,0.936350885,0.852388905,0.793433516,0.882309604,0.974432398,0.914714288,1.018763571,0.886100835,0.864192815,0.899507805,0.917085294,0.924271352,0.826696772,0.797155942,0.727236211,0.739477018,0.783994401,0.883773532,0.92306717,0.947421181,0.999887488,1.172617936,1.241335614,1.10122626,1.045035638,1.244469203,1.223507511,1.048901121,0.952868855,0.906196645,0.950860949,0.995922967,1.026163135,1.060737201,1.131416916,1.237533502,1.302800223,1.362592381,1.451384725,1.55374532,1.619038843,1.692742072,1.792340376,1.809835125,1.908994796,1.918051314,1.906404105,1.883109684,1.56940003,1.827095773,1.882678651,1.944347505,
Brazil,BRA,Carbon dioxide (CO2) emissions excluding LULUCF per capita (t CO2e/capita),EN.GHG.CO2.PC.CE.AR5,,,,,,,,,,,1.121168756,1.090404059,1.160327674,1.317278892,1.388732052,1.453501508,1.559381886,1.590576616,1.679971604,1.751864012,1.708837049,1.541790316,1.491630113,1.399408215,1.392730907,1.461473862,1.568158829,1.57990708,1.58365271,1.576563239,1.521319544,1.550639998,1.547246007,1.590238673,1.62470342,1.730985709,1.83068839,1.915534154,1.942224935,1.956967959,2.007818926,1.992685212,1.968645049,1.918139431,1.999386419,1.998953901,2.001783994,2.084554568,2.167915896,2.006775293,2.270340839,2.373464072,2.528103067,2.636096755,2.729587192,2.566447178,2.373948318,2.415682843,2.284095173,2.256514253,2.144261931,2.414654212,2.277221548,2.271017071,
Barbados,BRB,Carbon dioxide (CO2) emissions excluding LULUCF per capita (t CO2e/capita),EN.GHG.CO2.PC.CE.AR5,,,,,,,,,,,1.022106204,1.022201888,1.235289877,1.218031176,1.085027734,1.305464318,1.218968987,1.332135789,1.371491268,1.375020396,1.371638492,1.358068736,1.292004978,1.347286529,1.608739997,1.950590259,2.101956994,1.982672507,2.029383581,2.308714535,2.380676149,2.263535526,2.192363995,2.080244572,2.020869964,2.065723041,2.018041512,2.396033416,2.635690225,2.759059413,2.245643223,2.155282462,2.29681845,2.401270243,2.363654049,2.405975304,2.588499344,2.475966501,2.904141335,2.913290749,2.980275611,2.459992975,2.323624782,2.631948571,2.399514277,2.581812968,2.76682952,2.435655368,2.632957027,2.966497989,2.384113483,2.683707429,2.691291381,2.820044203,
Brunei Darussalam,BRN,Carbon dioxide (CO2) emissions excluding LULUCF per capita (t CO2e/capita),EN.GHG.CO2.PC.CE.AR5,,,,,,,,,,,14.97950243,13.56573691,15.49135306,18.1496787,18.18402159,18.1008414,20.21368279,19.99917295,19.95608518,17.53444702,21.24592313,17.30259354,18.66676759,19.68780068,18.44411583,17.58047497,15.99858717,15.93816813,16.84467007,16.10310243,16.84345769,18.69601974,19.86851419,19.53561925,19.33816981,19.96462851,20.47566683,21.29095012,18.38436545,18.81024761,18.60953851,17.58418455,16.3420063,18.61486223,17.76311875,16.74180031,23.62537466,22.06739234,23.57799112,20.83584447,18.80881498,19.6828155,18.79464539,18.94202849,19.45194961,17.44408023,18.47489499,18.18833011,18.34151801,17.17561218,22.1359219,21.57570713,20.7490612,21.17032611,
Bhutan,BTN,Carbon dioxide (CO2) emissions excluding LULUCF per capita (t CO2e/capita),EN.GHG.CO2.PC.CE.AR5,,,,,,,,,,,0.113766012,0.116224065,0.122023593,0.124083639,0.122193371,0.117006706,0.117836667,0.120263814,0.122642464,0.122375954,0.119518971,0.174617494,0.168221672,0.165458887,0.157269717,0.162276354,0.158489789,0.238272745,0.24004194,0.236233102,0.307490238,0.314113081,0.32296365,0.360031947,0.466548962,0.587785521,0.655084696,0.680154001,0.698587196,0.691236725,0.682233611,0.711696579,0.754313279,0.752905532,0.739381195,0.783392384,0.811718562,0.823262962,0.820425701,1.135610414,1.276737663,1.55079739,1.461356041,1.516118758,1.530814757,1.761636903,1.897799873,2.047366223,2.362459675,2.568041798,2.255696709,2.411914753,2.467237109,2.526370671,
Botswana,BWA,Carbon dioxide (CO2) emissions excluding LULUCF per capita (t CO2e/capita),EN.GHG.CO2.PC.CE.AR5,,,,,,,,,,,0.259852897,0.255628405,0.31651315,0.402049025,0.661173422,0.778200394,1.078301086,1.167496692,1.241699922,1.331422957,1.352341637,1.428562592,1.432621036,1.354315926,1.302807154,1.346946597,1.49752294,1.504044057,1.751632569,1.877705125,2.161758939,2.080706179,2.461680264,2.359386388,2.200239311,2.229396678,1.961047298,2.045949236,2.381730277,2.456094621,2.443808268,2.309996064,2.392817821,2.328611911,2.242762898,2.38619212,2.212891221,2.313937676,2.312291984,2.071008146,1.659525722,1.931243022,1.665688933,2.57497377,3.285706919,3.216895954,3.020750178,3.283604213,3.569028607,3.146157319,2.573445809,2.746850745,2.984845231,2.99353612,
Central African Republic,CAF,Carbon dioxide (CO2) emissions excluding LULUCF per capita (t CO2e/capita),EN.GHG.CO2.PC.CE.AR5,,,,,,,,,,,0.036042822,0.035303182,0.034527461,0.034995382,0.036971134,0.037598599,0.038363836,0.039276338,0.039491885,0.044888303,0.043663935,0.053219776,0.052604816,0.060731481,0.054309529,0.053519277,0.066090717,0.0836969,0.075719473,0.068247862,0.055329032,0.070633314,0.055282557,0.058299362,0.059239633,0.059228471,0.062806228,0.061132033,0.060625651,0.060732816,0.067433328,0.069269269,0.069294724,0.063903121,0.061104372,0.058967406,0.061769302,0.059985166,0.04417651,0.043298292,0.044691792,0.048061115,0.048581085,0.032461525,0.035062431,0.050007344,0.052867589,0.054093962,0.05517912,0.058951973,0.060298872,0.060327458,0.06920308,0.071500368,
Canada,CAN,Carbon dioxide (CO2) emissions excluding LULUCF per capita (t CO2e/capita),EN.GHG.CO2.PC.CE.AR5,,,,,,,,,,,16.79456012,16.65533954,17.23951382,17.87240288,17.97871174,17.29289826,17.62756011,18.03399778,17.98715723,18.39536354,18.37317745,17.39625216,16.47390037,16.06152552,16.66643952,16.50987094,15.96076486,16.23339801,17.18214941,17.43133473,15.90672438,15.49791671,15.76531803,15.57019259,15.99456881,16.24154149,16.54276912,16.90657323,17.03859898,17.21622237,17.69698163,17.22420933,17.66725292,18.13019221,17.52505346,18.02253295,17.60884534,18.06142659,17.28147954,16.11070736,16.51487733,16.77066291,16.34154481,16.39763494,16.38205449,16.16405866,15.94733576,16.22774615,16.5528684,16.1423151,14.37535312,14.686922,14.77610117,14.3453598,
Central Europe and the Baltics,CEB,Carbon dioxide (CO2) emissions excluding LULUCF per capita (t CO2e/capita),EN.GHG.CO2.PC.CE.AR5,,,,,,,,,,,8.960267817,9.021013425,9.231188794,9.593573229,9.60384056,9.98151663,10.41347414,10.76554717,11.32465707,11.48416606,11.51006995,11.0534278,11.06649211,11.07794978,11.19105444,11.21304034,11.25806409,11.43689653,11.31445013,10.93865037,9.679322946,8.875572831,8.236837014,8.048847819,7.846531473,7.907845652,8.177123252,7.925325775,7.44027509,7.04073358,7.033398844,7.198772105,7.091173015,7.422839702,7.422040476,7.43445674,7.673962947,7.752546083,7.582817348,6.951358761,7.259100709,7.292509867,7.046605076,6.832772776,6.674883902,6.796331708,6.919924617,7.204385419,7.189206409,6.834593451,6.438835026,7.001686291,6.884049365,6.262061601,
Switzerland,CHE,Carbon dioxide (CO2) emissions excluding LULUCF per capita (t CO2e/capita),EN.GHG.CO2.PC.CE.AR5,,,,,,,,,,,6.706701978,6.986401485,7.044866631,7.56825334,6.787849065,6.410563036,6.714791454,6.804922137,6.996312167,6.772692718,6.866719161,6.454945284,6.070352724,6.682367487,6.578933275,7.043961198,6.992901734,6.705957092,6.65002777,6.5679672,6.672529703,6.930110656,6.848088334,6.45256415,6.267941797,6.337847429,6.387663765,6.190644932,6.37735494,6.383980607,6.235849254,6.393420946,6.122088148,6.252581244,6.283052252,6.32796454,6.230519938,5.912714635,6.017240534,5.76638359,5.921474614,5.345863542,5.453264725,5.5155015,4.995903476,4.857652303,4.871378654,4.709850163,4.521941776,4.475562314,4.154446192,4.317192419,3.920810638,3.850285995,
Channel Islands,CHI,Carbon dioxide (CO2) emissions excluding LULUCF per capita (t CO2e/capita),EN.GHG.CO2.PC.CE.AR5,,,,,,,,,,,,,,,,,,,,,,,,,,,,,,,,,,,,,,,,,,,,,,,,,,,,,,,,,,,,,,,,,
Chile,CHL,Carbon dioxide (CO2) emissions excluding LULUCF per capita (t CO2e/capita),EN.GHG.CO2.PC.CE.AR5,,,,,,,,,,,2.883576237,3.080601508,3.162507944,3.10375014,2.880566071,2.573831996,2.592503163,2.380105836,2.40744959,2.515780951,2.466175148,2.217306918,1.847451869,1.862268668,1.935576409,1.842073035,1.835408519,1.824935595,2.175450235,2.57075196,2.472059605,2.326727974,2.367468595,2.474983471,2.663769075,2.876313356,3.250152741,3.639902242,3.626204975,3.746264601,3.473482187,3.293662162,3.291237662,3.377237913,3.613556337,3.617157197,3.6557264,4.063495838,4.235224825,4.010533735,4.208919566,4.556733428,4.642950368,4.828516483,4.405202697,4.673673129,4.862912646,4.834195706,4.752230579,4.959707766,4.516023851,4.578164622,4.543795654,4.272847297,
China,CHN,Carbon dioxide (CO2) emissions excluding LULUCF per capita (t CO2e/capita),EN.GHG.CO2.PC.CE.AR5,,,,,,,,,,,1.112012122,1.085975473,1.12978655,1.149354151,1.145342811,1.290490018,1.322279504,1.466442173,1.630912238,1.648446396,1.593110927,1.55863445,1.6054693,1.665259403,1.792537699,1.787253768,1.869846549,1.96790528,2.08198996,2.120497564,2.126772112,2.216061541,2.291716439,2.452565341,2.556521414,2.793543372,2.743462034,2.794433185,2.835980063,2.752282087,2.904182094,3.023026064,3.241626054,3.718460416,4.259581351,4.80528434,5.302700798,5.73304044,5.875814004,6.272106951,6.828166449,7.423206459,7.604475738,7.9165359,7.957752832,7.810149363,7.785797203,7.905034038,8.249747926,8.418138867,8.519901495,8.936542171,8.870590614,9.399266327,
Cote d'Ivoire,CIV,Carbon dioxide (CO2) emissions excluding LULUCF per capita (t CO2e/capita),EN.GHG.CO2.PC.CE.AR5,,,,,,,,,,,0.483372007,0.47206907,0.501682314,0.493116833,0.483962375,0.502176926,0.550952556,0.52677224,0.587008245,0.526798196,0.481722147,0.423603031,0.386789937,0.437357054,0.37454992,0.329904448,0.331302318,0.311063703,0.302717764,0.279792156,0.243819042,0.241629723,0.231206691,0.235753607,0.236890347,0.249253394,0.299955084,0.351395293,0.327929492,0.423857316,0.39364362,0.384340912,0.396000573,0.304007071,0.305981118,0.318684176,0.305575534,0.296463841,0.321570086,0.291445472,0.325274762,0.307997563,0.384372524,0.409402344,0.426425228,0.446203256,0.438774955,0.461213797,0.449418229,0.46785712,0.452374092,0.489660232,0.485714724,0.462448181,
Cameroon,CMR,Carbon dioxide (CO2) emissions excluding LULUCF per capita (t CO2e/capita),EN.GHG.CO2.PC.CE.AR5,,,,,,,,,,,0.135058598,0.139997416,0.142106389,0.144354592,0.136885888,0.168754867,0.152948909,0.208247264,0.219522883,0.231854762,0.239220819,0.246654607,0.255352999,0.505252243,0.513621102,0.489390713,0.575040093,0.50716684,0.310136633,0.432701112,0.419535395,0.388320057,0.36268299,0.38519789,0.405087705,0.394807496,0.39403621,0.38628075,0.391598079,0.367197838,0.383949687,0.372291957,0.357196273,0.354788327,0.339207393,0.320294585,0.317582379,0.373065861,0.380428486,0.40343782,0.397812373,0.366992311,0.360733777,0.381924885,0.401837851,0.40323477,0.413406389,0.408142188,0.423802213,0.401370731,0.396042694,0.380123049,0.391799288,0.379082883,
"Congo, Dem. Rep.",COD,Carbon dioxide (CO2) emissions excluding LULUCF per capita (t CO2e/capita),EN.GHG.CO2.PC.CE.AR5,,,,,,,,,,,0.145321381,0.14286633,0.143112188,0.140184486,0.143388086,0.137247997,0.131243478,0.132477276,0.129333822,0.138136134,0.132499228,0.137619241,0.107409824,0.136039966,0.128520072,0.116156129,0.105376704,0.112153841,0.112757117,0.103841235,0.091843698,0.04995278,0.041502555,0.038611448,0.058244944,0.052102341,0.056505939,0.055759406,0.054028111,0.048275538,0.037148981,0.034987674,0.035601513,0.041887207,0.038845399,0.04223002,0.042083012,0.045104056,0.044904025,0.042301062,0.042944421,0.04753469,0.041160545,0.05533228,0.068696139,0.043078634,0.032039243,0.03593337,0.034456204,0.036090289,0.03602667,0.035404315,0.038008938,0.035915584,
"Congo, Rep.",COG,Carbon dioxide (CO2) emissions excluding LULUCF per capita (t CO2e/capita),EN.GHG.CO2.PC.CE.AR5,,,,,,,,,,,1.290176712,1.433410199,1.330805641,5.841374993,8.142761712,4.895478393,4.616593441,1.446150314,0.874898246,0.776506214,0.996782368,1.095328328,1.243332653,1.255947098,1.208985321,1.192874704,1.128594616,1.119500905,1.075388416,1.046007924,1.001655073,0.993333004,0.941747554,0.902384626,0.802014407,0.992921885,1.162522088,1.171835773,1.363894581,1.374504843,1.431610947,1.344064254,0.853266308,1.034926183,1.015101721,1.171466346,1.255326185,1.071316416,1.077350598,1.148224373,1.185691652,1.052253888,0.944762628,1.119639521,1.060355153,1.127966382,1.070322924,1.033580383,1.164756987,1.282256487,1.280873927,1.191205365,1.279116317,1.172721149,
Colombia,COL,Carbon dioxide (CO2) emissions excluding LULUCF per capita (t CO2e/capita),EN.GHG.CO2.PC.CE.AR5,,,,,,,,,,,1.386320499,1.367703396,1.369372063,1.380872724,1.398587311,1.470709941,1.535411867,1.542148902,1.607986297,1.581180097,1.574000772,1.557177563,1.543294651,1.582061108,1.57173785,1.590913362,1.5757396,1.610093711,1.59389222,1.609845508,1.643698723,1.665033555,1.69348439,1.754698471,1.706744107,1.752338843,1.694694132,1.806202173,1.803455822,1.546277775,1.600775279,1.56644815,1.482060118,1.447579915,1.427081722,1.44914746,1.362490585,1.395972659,1.377939728,1.440232225,1.468908846,1.564175956,1.554613163,1.753541114,1.764637452,1.778216025,1.809812454,1.624276938,1.672658743,1.657179708,1.597173707,1.718125396,1.773562939,1.927761453,
Comoros,COM,Carbon dioxide (CO2) emissions excluding LULUCF per capita (t CO2e/capita),EN.GHG.CO2.PC.CE.AR5,,,,,,,,,,,0.089686099,0.086951343,0.08382133,0.08369913,0.087386496,0.087593677,0.088055979,0.088107446,0.086877691,0.097013036,0.09238395,0.086072393,0.077840841,0.082781232,0.077852541,0.075447017,0.042572586,0.122551707,0.109322792,0.098590866,0.088394857,0.104048679,0.086645611,0.083178166,0.081511256,0.082146657,0.083749577,0.082516538,0.102400904,0.103634628,0.169564244,0.176163152,0.17855769,0.227098024,0.241258886,0.229129863,0.270027598,0.1732782,0.170187206,0.207182213,0.239143847,0.212706719,0.216246351,0.253952933,0.217848695,0.233664794,0.26747881,0.337267682,0.361202193,0.40491852,0.41687288,0.415926197,0.380250016,0.37359461,
Cabo Verde,CPV,Carbon dioxide (CO2) emissions excluding LULUCF per capita (t CO2e/capita),EN.GHG.CO2.PC.CE.AR5,,,,,,,,,,,0.521041388,0.510124266,0.501704855,0.514870899,0.550946888,0.56629622,0.580052027,0.594244871,0.597506856,0.682671842,0.662231172,0.62468354,0.245849413,0.265360399,0.308316667,0.302851467,0.09650537,0.14133702,0.172495163,0.188687966,0.143036747,0.174993369,0.170049439,0.162203177,0.186237897,0.182729656,0.214765227,0.211415025,0.211922216,0.21499645,0.623404814,0.701292438,0.769089126,0.760906074,0.812107558,1.253311071,1.359612657,1.506479373,1.45346112,1.402968738,1.478076989,1.720412868,1.481770859,1.447215579,1.515246152,1.530267724,1.604513866,1.695285371,1.704469094,1.805276753,1.895939022,1.921420539,1.995416948,1.926556149,
Costa Rica,CRI,Carbon dioxide (CO2) emissions excluding LULUCF per capita (t CO2e/capita),EN.GHG.CO2.PC.CE.AR5,,,,,,,,,,,0.779466967,0.765935996,0.836528659,0.921319913,0.881526816,0.941884696,0.944466224,1.159306584,1.21977823,1.184187338,1.041774292,0.938763033,0.78089168,0.771206938,0.778903844,0.798900322,0.811439378,0.833235674,0.859707362,0.946965777,0.933720216,0.984424341,1.2915246,1.266097569,1.449615516,1.404739113,1.31032964,1.263280683,1.366936676,1.336422843,1.300162352,1.377019951,1.382386606,1.463304198,1.468377492,1.490833654,1.597189761,1.757822845,1.719572906,1.628208955,1.590311772,1.671622378,1.639131257,1.684680312,1.689909566,1.612689647,1.693754548,1.707815534,1.705125118,1.641486749,1.426270082,1.584687553,1.591966571,1.679220061,
Caribbean small states,CSS,Carbon dioxide (CO2) emissions excluding LULUCF per capita (t CO2e/capita),EN.GHG.CO2.PC.CE.AR5,,,,,,,,,,,3.540789123,3.47959067,3.452706336,3.576738463,3.405325578,3.31513307,3.524258208,3.816750243,3.859232478,3.774173332,3.990748104,3.992580037,4.114845569,4.100274376,4.259314565,4.333889429,4.254481203,4.321729562,4.560172536,4.58789861,4.685017493,4.732684117,4.720461737,4.601789055,5.05985165,4.971684049,5.239549732,5.296564468,6.121002858,6.17003492,6.176260272,6.782696239,7.10289848,7.927765805,8.345086188,9.974964613,10.80256985,11.04474298,10.81783462,10.4811089,11.43462003,11.27752757,10.6452372,10.42050581,10.41768827,10.30297453,9.744126977,9.310695488,9.244274397,9.594038802,8.731590729,8.51225239,8.317394176,8.178226794,
Cuba,CUB,Carbon dioxide (CO2) emissions excluding LULUCF per capita (t CO2e/capita),EN.GHG.CO2.PC.CE.AR5,,,,,,,,,,,2.48081962,2.457856229,2.377582108,2.526328618,2.705377098,2.750649122,2.874663497,3.109196927,3.311260938,3.335707859,3.406842937,3.416804409,3.375998885,3.606806748,3.775079048,3.484434927,3.517095986,3.797213484,3.922786155,3.960337761,3.636298993,2.810553443,2.217035156,2.017298908,2.066733107,2.191240894,2.36538737,2.580357365,2.524615051,2.586488901,2.609732248,2.496336188,2.37638961,2.301152526,2.25233113,2.329959972,2.377016549,2.453480345,2.368718009,2.387089046,2.496767179,2.456897364,2.559802887,2.575099129,2.385693495,2.613785375,2.429632762,2.355405652,2.391352794,2.193924651,1.932624897,1.901454824,1.88498547,2.002462629,
Curacao,CUW,Carbon dioxide (CO2) emissions excluding LULUCF per capita (t CO2e/capita),EN.GHG.CO2.PC.CE.AR5,,,,,,,,,,,,,,,,,,,,,,,,,,,,,,,,,,,,,,,,,,,,,,,,,,,,,,,,,,,,,,,,,
Cayman Islands,CYM,Carbon dioxide (CO2) emissions excluding LULUCF per capita (t CO2e/capita),EN.GHG.CO2.PC.CE.AR5,,,,,,,,,,,2.424645812,2.459902685,3.017681061,3.063193439,2.737532408,3.328981723,3.03030303,3.363124793,3.382717619,3.363708642,3.325721646,3.239318626,3.12,3.143177875,3.5787621,3.559369724,3.775284948,4.087028128,4.488330341,4.430328857,4.423247048,4.165750714,4.063449914,3.596210302,4.047588671,4.061936903,3.86609261,3.812283713,3.759276312,3.672552502,3.314513283,3.168731291,3.354189208,3.41876451,3.07152937,3.131144738,3.398158899,4.121802484,4.345956091,4.312212551,4.558309765,3.578750495,3.332399888,3.684255392,3.848071809,4.058920866,4.161648177,4.344929108,4.090019866,5.593595437,4.449362297,4.82255948,4.7422162,4.901558093,
Cyprus,CYP,Carbon dioxide (CO2) emissions excluding LULUCF per capita (t CO2e/capita),EN.GHG.CO2.PC.CE.AR5,,,,,,,,,,,3.347769544,3.339652932,4.028965469,4.16195526,3.199679158,3.281139815,3.974883389,4.187971537,4.319381658,4.572953395,4.787022235,4.545408358,4.544168891,4.455017851,4.452312834,4.302610365,4.706602701,5.3780878,5.369371015,5.596588717,5.88380049,6.459151079,6.772827735,6.954798471,7.090249767,6.791276175,7.067557282,7.03189062,7.233299947,7.38418056,7.525955847,7.257861257,7.310482556,7.846417031,7.651528921,7.629389925,7.597176831,7.745121253,7.784965711,7.4696382,7.016570079,6.677493888,6.110192492,5.439249258,5.67157125,5.621146993,5.836739115,5.869446493,5.675997472,5.607882668,5.222818713,5.241139323,5.396921968,5.340838796,
Czechia,CZE,Carbon dioxide (CO2) emissions excluding LULUCF per capita (t CO2e/capita),EN.GHG.CO2.PC.CE.AR5,,,,,,,,,,,19.09968999,19.18682706,19.1005603,18.79837731,16.99608518,17.60126141,18.01788456,18.94016299,18.62621311,19.48205952,18.78005391,18.85002521,19.0161424,19.06279979,19.29837265,19.03323538,18.83485056,18.81051689,18.4082684,17.67053358,16.01532126,14.56572381,13.99088857,13.53795382,13.00233888,12.93565675,13.31969849,13.00545383,12.43045108,11.64084303,12.9022318,12.94187257,12.4937383,12.81757167,12.89844045,12.63729021,12.77333856,12.84900573,12.14440263,11.46190478,11.55092268,11.25304018,10.84820972,10.41687908,10.18805366,10.26778819,10.39227236,10.41820246,10.28594926,9.679952998,8.823411191,9.437488268,9.317035288,8.33141109,
Germany,DEU,Carbon dioxide (CO2) emissions excluding LULUCF per capita (t CO2e/capita),EN.GHG.CO2.PC.CE.AR5,,,,,,,,,,,13.87574985,13.75788661,14.04641052,14.66644538,14.21480422,13.48059222,14.33467476,14.09220472,14.5894538,15.22504379,14.50528874,14.02875478,13.45582545,13.6896713,13.94497351,13.98393481,13.89845523,13.77509638,13.64111712,13.34288103,12.75327924,12.39828767,11.63542298,11.45501062,11.24291102,11.15134958,11.47161861,11.06629529,11.05401349,10.60926945,10.60357268,10.75675904,10.55070286,10.6413651,10.46732729,10.21104889,10.3895651,10.05262029,10.11270392,9.383778408,9.970763148,9.823081495,9.952833184,10.14659633,9.622117124,9.614638071,9.589879346,9.375469485,9.012815294,8.388297676,7.7266146,8.147065538,7.870139121,6.948000465,
Djibouti,DJI,Carbon dioxide (CO2) emissions excluding LULUCF per capita (t CO2e/capita),EN.GHG.CO2.PC.CE.AR5,,,,,,,,,,,4.901670398,4.586943069,4.258492927,4.105935029,4.108237762,3.916477695,3.694682691,3.467222805,3.20357389,3.403467175,3.12140325,2.269659843,2.0233692,1.606264866,1.24331798,1.181562852,1.043530883,1.414395718,1.190655552,2.344488922,1.679268659,1.936326241,1.671379051,1.675552915,1.681000782,1.694272707,1.716824915,1.671735011,1.636514945,1.627548611,0.989940026,0.972627195,0.97841307,1.008089547,0.957725475,0.899701728,0.853856904,0.856118958,0.907997231,0.80118307,0.876752618,0.667223301,0.835068534,0.9000593,0.883499532,0.793580009,0.711991388,0.629289154,0.670129734,0.649852256,0.664864258,0.707069266,0.658255767,0.649814735,
Dominica,DMA,Carbon dioxide (CO2) emissions excluding LULUCF per capita (t CO2e/capita),EN.GHG.CO2.PC.CE.AR5,,,,,,,,,,,0.110291984,0.109302192,0.131316015,0.131756039,0.116751769,0.139723348,0.126359054,0.138110101,0.137506188,0.135692649,0.134094112,0.19455786,0.182973806,0.181026739,0.201232375,0.202107493,0.175055317,0.260479,0.301665534,0.310749362,0.305915809,0.308820134,0.311575911,0.558812092,0.736934525,0.847860197,0.930701628,0.907661005,0.52224987,0.898794831,0.808629271,0.81712746,0.741585853,0.840495542,0.895861557,0.880204848,0.933058164,1.115517016,1.068928457,1.08910316,1.122583831,0.861656988,0.78561301,0.859212508,0.950648686,1.028263031,1.116283079,1.010277972,1.098659313,1.23895109,1.012238616,1.123478468,1.134289049,1.201323109,
Denmark,DNK,Carbon dioxide (CO2) emissions excluding LULUCF per capita (t CO2e/capita),EN.GHG.CO2.PC.CE.AR5,,,,,,,,,,,12.56978179,11.62257416,11.96659345,11.70538173,10.38234221,10.80412865,11.90250515,12.20074447,12.15074189,12.78949484,12.66202579,10.65176864,11.10762221,10.42348538,10.74921664,12.26965024,12.37659978,11.97765019,11.20741216,10.0932394,10.19774792,12.23908668,11.09744613,11.50809039,12.23380675,11.57723709,14.06301716,12.15674729,11.36059804,10.76367221,9.954985527,10.21765576,10.09598151,11.07564797,10.01735028,9.349725211,10.78149116,9.86619275,9.216871714,8.771006112,8.752590947,7.80664894,6.901833688,7.184254413,6.41524947,5.995196959,6.233648335,5.82350676,5.808856476,5.194359818,4.766725132,5.019163414,4.767291819,4.50195327,
Dominican Republic,DOM,Carbon dioxide (CO2) emissions excluding LULUCF per capita (t CO2e/capita),EN.GHG.CO2.PC.CE.AR5,,,,,,,,,,,0.882460579,0.868743748,1.087624087,1.061409256,1.104575173,1.116435522,1.116109863,1.175160753,1.16732167,1.202660613,1.207462965,1.120789414,1.064904045,1.205921739,1.239489652,1.065454052,1.165858698,1.311967273,1.288337616,1.343745158,1.125257056,1.154283518,1.312861247,1.27142122,1.457510462,1.520819613,1.606531843,1.79626375,2.020285037,2.155014416,2.21432657,2.194928765,2.373886369,2.092494728,1.913410944,2.036436939,2.202601105,2.194262948,2.16381685,2.045802771,2.13037955,2.123587858,2.172483328,2.106832631,2.103023713,2.287368581,2.356543142,2.229253773,2.376245043,2.618366753,2.443637982,2.666990067,2.639560335,2.766751991,
Algeria,DZA,Carbon dioxide (CO2) emissions excluding LULUCF per capita (t CO2e/capita),EN.GHG.CO2.PC.CE.AR5,,,,,,,,,,,1.42854044,1.632116069,2.436468051,3.20212777,2.636560923,2.322108434,2.86876789,3.064734273,3.276071582,3.183705626,3.07427662,2.809548495,2.861418288,2.879300948,2.931486972,3.257107785,3.295104671,3.081016826,3.025325747,2.956793486,2.843625484,2.893335706,3.183843758,3.041850423,2.910014993,2.944016076,2.807352891,2.691774224,2.709740454,2.787675171,2.845473222,2.739130403,2.824621778,2.999221341,2.961289477,3.062497733,3.137715621,3.185550171,3.265718682,3.270894462,3.277714338,3.381668929,3.725741952,3.792954428,3.953849699,4.119541237,3.940941459,3.995063577,4.113293872,4.195662428,3.90292777,4.015587285,4.104114245,3.906869951,
East Asia & Pacific (excluding high income),EAP,Carbon dioxide (CO2) emissions excluding LULUCF per capita (t CO2e/capita),EN.GHG.CO2.PC.CE.AR5,,,,,,,,,,,1.002339456,0.980199026,1.006404932,1.029068877,1.028357351,1.140104504,1.165999058,1.291092463,1.4270844,1.45212157,1.409843588,1.382327726,1.416447302,1.463816978,1.554888789,1.55627338,1.617161161,1.690420309,1.780719225,1.816472685,1.844712711,1.918286118,1.970167637,2.094235133,2.179513811,2.372102223,2.351744513,2.405378212,2.408611594,2.363274422,2.475800391,2.572463689,2.733744783,3.0840838,3.475982332,3.860888709,4.204525951,4.508176114,4.602709512,4.858878024,5.264081728,5.672175747,5.794847965,5.993313562,6.04196302,5.949802081,5.935835323,6.047825903,6.326264746,6.482864004,6.505866528,6.773708083,6.739441567,7.113827257,
Early-demographic dividend,EAR,Carbon dioxide (CO2) emissions excluding LULUCF per capita (t CO2e/capita),EN.GHG.CO2.PC.CE.AR5,,,,,,,,,,,0.944376735,0.932361886,0.978814658,1.045265971,1.063504311,1.070120266,1.136051271,1.16391014,1.161566932,1.191226866,1.218329715,1.223707814,1.254495224,1.251826491,1.246947837,1.257726951,1.267799239,1.313314415,1.317942676,1.336375051,1.383389601,1.402862257,1.410804046,1.426772888,1.478355405,1.510769918,1.5534582,1.588573019,1.60818389,1.624823694,1.652390826,1.651097111,1.673000433,1.713677144,1.778647297,1.824890669,1.891368851,1.968977022,2.006926075,2.027394156,2.094536512,2.13736334,2.216180728,2.203206359,2.271139504,2.262293069,2.272186677,2.33505396,2.353764031,2.334942348,2.160454699,2.285748055,2.33747514,2.392605068,
East Asia & Pacific,EAS,Carbon dioxide (CO2) emissions excluding LULUCF per capita (t CO2e/capita),EN.GHG.CO2.PC.CE.AR5,,,,,,,,,,,1.7475654,1.705886328,1.753898902,1.858592761,1.848582434,1.900696432,1.944190699,2.079338615,2.189523433,2.227483252,2.16874564,2.122991236,2.11994251,2.155634504,2.284282505,2.271918349,2.318919779,2.386705103,2.520590626,2.573695354,2.654292703,2.731847581,2.785362356,2.900808481,3.009181673,3.197272757,3.192981064,3.239527905,3.18742919,3.181243197,3.310305693,3.390072064,3.550515583,3.864486679,4.222303832,4.568477271,4.866972401,5.160556937,5.211488283,5.413127447,5.824015456,6.225252411,6.348866057,6.525044089,6.535961895,6.438672848,6.429934257,6.526183026,6.756306086,6.869233704,6.833060596,7.086725215,7.000126704,7.304663951,
Europe & Central Asia (excluding high income),ECA,Carbon dioxide (CO2) emissions excluding LULUCF per capita (t CO2e/capita),EN.GHG.CO2.PC.CE.AR5,,,,,,,,,,,6.581747094,6.496977599,6.785322747,7.11105412,7.342290113,7.625275889,7.7645795,7.848778122,8.155151983,8.195305126,8.360885635,8.155928228,8.037777291,7.95537932,7.882163418,7.826021567,7.894724067,8.066780947,8.030673999,7.941910662,8.546829299,8.100857722,7.222347493,6.399730125,5.571349888,5.372353085,4.971297712,4.837572511,4.854962926,4.778005009,4.910521703,4.77032289,4.912417049,5.19369691,5.195374722,5.226215186,5.50786139,5.721530507,5.863635944,5.282507624,5.585436637,5.863458661,5.784515513,5.703254488,5.268757773,4.937903837,5.077821328,5.20428122,5.241701497,5.053829425,5.014268759,5.266539568,4.957587314,5.000966959,
Europe & Central Asia,ECS,Carbon dioxide (CO2) emissions excluding LULUCF per capita (t CO2e/capita),EN.GHG.CO2.PC.CE.AR5,,,,,,,,,,,8.96962758,8.916436366,9.202339724,9.638082712,9.588615552,9.562194431,9.980820386,9.989308344,10.35474562,10.58818372,10.46862109,10.11545163,9.940626038,9.903295969,9.920142078,9.977021711,10.06778091,10.2020599,10.20813205,10.15323936,10.30552754,10.06880606,9.422331789,8.879059968,8.410969076,8.350645,8.338666343,8.05072572,8.050321319,8.004412063,8.078548355,8.118791824,8.099080031,8.360870995,8.354854838,8.315552373,8.429448628,8.410192371,8.288088377,7.63164656,7.934155671,7.93319758,7.830415618,7.627002545,7.274083131,7.228894384,7.203502662,7.263800347,7.255686845,7.093854896,6.652837071,7.099468699,6.979200299,6.728925906,
Ecuador,ECU,Carbon dioxide (CO2) emissions excluding LULUCF per capita (t CO2e/capita),EN.GHG.CO2.PC.CE.AR5,,,,,,,,,,,0.815383338,0.708211857,0.686181141,0.842810501,0.999787095,1.053137913,1.17279104,1.325699475,1.449555057,1.528859011,1.566690265,1.67964125,1.646917805,1.507892671,1.542527413,1.617200188,1.649696553,1.481784465,1.62533334,1.595082608,1.676021392,1.643690469,1.695433027,1.62083162,1.666458996,1.794726274,2.029235582,2.076081484,2.000361761,1.739768796,1.737122086,1.882858767,1.849233305,1.857331114,1.927171447,2.039330318,2.146231637,2.152284777,2.186748424,2.33877024,2.478931888,2.462921892,2.435289465,2.552588933,2.653088308,2.598218087,2.482372308,2.372627759,2.42655714,2.354449282,2.035356645,2.255885976,2.370985425,2.521022845,
"Egypt, Arab Rep.",EGY,Carbon dioxide (CO2) emissions excluding LULUCF per capita (t CO2e/capita),EN.GHG.CO2.PC.CE.AR5,,,,,,,,,,,0.735036603,0.710000246,0.753975749,0.686045779,0.774987044,0.816057444,0.921519958,0.928433107,0.917461377,0.971759301,1.03989239,1.14421653,1.20278762,1.300788454,1.389685379,1.415528635,1.436307633,1.513959113,1.511572845,1.561828554,1.566886973,1.560475848,1.584969973,1.554192825,1.450135271,1.519002546,1.595136711,1.662596918,1.717404102,1.809307521,1.750199129,1.891426153,1.901352845,1.899082364,2.018352553,2.19951901,2.283805074,2.396306906,2.352712938,2.403782485,2.373937498,2.407781695,2.500416456,2.399352513,2.389995047,2.403603301,2.460508744,2.527353571,2.427799169,2.204155642,2.069140954,2.250750128,2.19467715,2.176891076,
Euro area,EMU,Carbon dioxide (CO2) emissions excluding LULUCF per capita (t CO2e/capita),EN.GHG.CO2.PC.CE.AR5,,,,,,,,,,,8.903359206,8.891829534,9.239336901,9.715192227,9.501226898,9.003321166,9.615167409,9.383703758,9.661809117,10.02214969,9.724578824,9.296700341,8.941656655,8.877574233,8.915575162,8.87960623,8.838958112,8.888316919,8.903597041,9.019281208,8.931077955,8.923009197,8.563580475,8.345053886,8.320582704,8.447589672,8.607470683,8.50625216,8.634932553,8.548655772,8.599773392,8.705283293,8.677612854,8.827924885,8.829060237,8.743947758,8.659336454,8.525232899,8.286768061,7.62991968,7.849837211,7.594263583,7.470401281,7.290391132,6.913567878,7.044488037,7.020088052,7.019668639,6.815945302,6.484703439,5.82191781,6.235567857,6.028607298,5.475683801,
Eritrea,ERI,Carbon dioxide (CO2) emissions excluding LULUCF per capita (t CO2e/capita),EN.GHG.CO2.PC.CE.AR5,,,,,,,,,,,0.274799289,0.266347165,0.24571601,0.241757276,0.230575537,0.214243614,0.203628324,0.167952164,0.169865828,0.183454314,0.187508135,0.205765183,0.187323684,0.185754769,0.182759224,0.184310793,0.157926342,0.156988864,0.157667593,0.157522558,0.161949136,0.197023189,0.272967642,0.368317775,0.402734709,0.411797556,0.430874095,0.399045599,0.29324639,0.306944206,0.298304741,0.318025465,0.303178717,0.280844925,0.276066819,0.227039153,0.200998557,0.193203467,0.164398523,0.166523251,0.175438835,0.20563718,0.20885825,0.193048309,0.192428662,0.185989839,0.191090467,0.186042998,0.205151656,0.207857925,0.204115674,0.212585402,0.19575022,0.192629647,
Spain,ESP,Carbon dioxide (CO2) emissions excluding LULUCF per capita (t CO2e/capita),EN.GHG.CO2.PC.CE.AR5,,,,,,,,,,,4.266296049,4.116423649,4.428292195,4.747825077,5.047604361,5.1573862,5.606936026,5.329119992,5.246399976,5.516379758,5.732905339,5.842550277,5.637693686,5.692853508,5.385605,5.191134216,5.275987658,5.293066543,5.389569189,5.852783591,5.964354838,6.146855946,6.327026227,5.922195787,6.168733313,6.455696234,6.203424871,6.668098113,6.839758809,7.35639982,7.721380154,7.68451246,7.99691385,8.052867137,8.281144157,8.4857051,8.142867816,8.284620516,7.465994442,6.552124621,6.252951973,6.271820387,6.144501359,5.591723853,5.553410016,5.925569871,5.737016285,6.048699764,5.881108873,5.469738946,4.618810398,5.007752221,4.92760845,4.493714413,
Estonia,EST,Carbon dioxide (CO2) emissions excluding LULUCF per capita (t CO2e/capita),EN.GHG.CO2.PC.CE.AR5,,,,,,,,,,,15.63449395,15.46121696,16.6287258,18.82327336,20.79209177,22.43946907,23.3909151,24.16737978,25.56013335,26.43766775,27.27124414,27.79575523,27.706495,27.34206244,26.48080457,25.75869271,24.90692707,24.30936059,22.92521928,20.76204093,25.16234656,23.08414579,17.04667238,14.2935545,15.01688189,13.92435373,14.81900884,14.67894694,13.42770944,12.32805177,12.43857307,12.79375268,12.32377569,13.88357943,14.23977102,14.30318688,13.89654071,16.60455888,15.05919572,12.59738557,16.1910663,16.32737926,15.51649056,17.38577554,16.67557976,15.19757763,15.18464193,16.10972959,16.91315356,11.08434861,8.635283959,9.248782056,9.332611726,8.345994924,
Ethiopia,ETH,Carbon dioxide (CO2) emissions excluding LULUCF per capita (t CO2e/capita),EN.GHG.CO2.PC.CE.AR5,,,,,,,,,,,0.041938073,0.040936911,0.037004749,0.039354542,0.038821249,0.033700832,0.032716122,0.034238571,0.034735858,0.035559227,0.036385538,0.038576352,0.0340424,0.035348996,0.032055682,0.032407901,0.039524675,0.044729116,0.044918753,0.04558662,0.04591706,0.043554345,0.03270159,0.040194462,0.044884595,0.049119411,0.053588813,0.054277746,0.055891778,0.05347034,0.057497613,0.068889828,0.068692182,0.071236764,0.075319538,0.069817234,0.071780043,0.076392951,0.080217509,0.078468191,0.075951103,0.085445009,0.093809141,0.106078144,0.122677399,0.130066166,0.150223727,0.144700549,0.155020028,0.162690736,0.14192508,0.141454886,0.131907278,0.12982734,
European Union,EUU,Carbon dioxide (CO2) emissions excluding LULUCF per capita (t CO2e/capita),EN.GHG.CO2.PC.CE.AR5,,,,,,,,,,,9.09934675,9.077426586,9.389659692,9.818620051,9.608420757,9.325748005,9.925833045,9.8265252,10.14075782,10.45577749,10.20808989,9.728639529,9.462313858,9.385273444,9.443863638,9.456534567,9.448776226,9.526063845,9.477953258,9.46095918,9.059391542,8.909920878,8.544215756,8.36130658,8.315322548,8.420448321,8.64336806,8.464191515,8.434216141,8.268415212,8.299396643,8.411141934,8.36542282,8.566102567,8.548112199,8.465291284,8.475370187,8.360605782,8.130902977,7.488949652,7.721956276,7.5163774,7.354919095,7.161302579,6.831686772,6.954173644,6.959611183,7.003278938,6.832414921,6.507247437,5.910403768,6.350473249,6.157885514,5.58950349,
Fragile and conflict affected situations,FCS,Carbon dioxide (CO2) emissions excluding LULUCF per capita (t CO2e/capita),EN.GHG.CO2.PC.CE.AR5,,,,,,,,,,,2.237009524,2.201557872,2.255524884,2.39209083,2.468236199,2.418930667,2.503600482,2.437491546,2.53544538,2.669122375,2.645027716,2.479065525,2.430552688,2.397369667,2.379866598,2.349809827,2.358714665,2.371768598,2.353311287,2.323822567,2.421024669,2.27599107,2.095787061,1.939662526,1.757291632,1.7317889,1.623755369,1.592557179,1.475493098,1.407712645,1.425025424,1.433992021,1.385266553,1.405883871,1.357515552,1.342314815,1.303869493,1.271463012,1.269024695,1.165718072,1.229794407,1.219046769,1.236108181,1.221984086,1.146194299,1.032697668,1.01829144,0.993680031,1.003759626,0.972303473,0.83438742,0.832001432,0.785642823,0.780926259,
Finland,FIN,Carbon dioxide (CO2) emissions excluding LULUCF per capita (t CO2e/capita),EN.GHG.CO2.PC.CE.AR5,,,,,,,,,,,8.953419735,8.814897431,9.558443652,10.37720948,9.510200671,9.500492418,10.79219767,10.69374298,12.02002387,11.94008424,12.01321886,10.00199168,9.584367548,9.200815439,9.42709077,10.29246833,10.28052395,11.19663885,10.89004486,10.85505092,11.27489782,11.35018968,10.72794245,10.92769746,12.20254256,11.50184326,12.67118256,12.20673426,11.55314313,11.40156741,11.11338433,12.25354703,12.63731594,14.21254576,13.47495836,11.10176024,13.26362426,12.8697492,11.25902647,10.69055611,12.27637119,10.80441002,9.663904738,9.804646908,9.051962167,8.389586627,8.880947966,8.364417214,8.600232979,7.99415967,7.137099757,7.117177226,6.507021284,5.778906576,
Fiji,FJI,Carbon dioxide (CO2) emissions excluding LULUCF per capita (t CO2e/capita),EN.GHG.CO2.PC.CE.AR5,,,,,,,,,,,1.341709527,1.333527991,1.398912623,1.638884021,1.953518042,1.599740235,1.548159458,1.607213054,1.567413996,1.639116743,1.717200826,1.711558381,1.6270823,1.314662202,1.070585638,1.173039166,1.181378211,1.056439364,1.032955185,1.183446624,1.312529419,1.143324748,1.273960777,1.371005189,1.426071158,1.406830206,1.465558747,1.498142559,1.466936168,1.553927014,1.736929918,1.8621792,1.523922293,1.755886624,2.262896773,1.961062083,2.089367844,1.919735541,1.429268795,1.171576619,1.862768681,1.363433732,1.316402126,1.497786877,1.699025158,1.759676369,1.731787294,1.904525561,2.011709806,2.096515572,2.114621028,2.212365729,2.326026569,2.391940659,
France,FRA,Carbon dioxide (CO2) emissions excluding LULUCF per capita (t CO2e/capita),EN.GHG.CO2.PC.CE.AR5,,,,,,,,,,,9.026474792,9.172544764,9.42375562,10.03419397,9.619359717,8.823522713,9.625217833,9.239597054,9.526915888,9.622090464,9.173360207,8.213742074,7.806652341,7.423744389,7.182425367,6.965542898,6.717483436,6.56186226,6.525273209,6.73695843,6.612861445,7.007794585,6.745149387,6.383472919,6.287485232,6.416617348,6.639531306,6.478012814,6.819515459,6.680180713,6.586014752,6.605518052,6.469774175,6.503510731,6.473179928,6.460273551,6.246640528,6.096412994,5.949567532,5.723942206,5.809346634,5.575593392,5.576482707,5.469753204,4.947634946,5.003509332,5.032181474,5.071067554,4.893363369,4.789884655,4.250289677,4.708307266,4.56119638,4.135860205,
Faroe Islands,FRO,Carbon dioxide (CO2) emissions excluding LULUCF per capita (t CO2e/capita),EN.GHG.CO2.PC.CE.AR5,,,,,,,,,,,0.02351773,0.023254011,0.025528439,0.025229589,0.024933925,0.027114967,0.026816187,0.028937976,0.028593214,0.028221349,0.030182021,0.029798744,0.029431075,0.031340945,0.031013934,0.030629882,0.032516095,0.032119227,0.031675641,0.033362526,0.033514872,0.033722548,0.033836654,0.034428593,0.035798989,0.036688833,0.036714089,0.038521674,0.038053454,0.037655606,0.039340823,0.03859762,0.03802683,0.039556962,0.03926918,0.039289481,0.039308989,0.03927405,0.04119719,0.040991166,0.041104055,0.041200585,0.041415585,0.041454214,0.041298422,0.040898959,0.040433447,0.039856517,0.039218762,0.038615257,0.039949017,0.039395929,0.038941532,0.038575286,
"Micronesia, Fed. Sts.",FSM,Carbon dioxide (CO2) emissions excluding LULUCF per capita (t CO2e/capita),EN.GHG.CO2.PC.CE.AR5,,,,,,,,,,,0,0,0,0,0,0,0,0,0,0,0,0,0,0,0,0,0,0,0,0,0,0,0,0,0,0,0,0,0,0,0,0,0,0,0,0,0,0,0,0,0,0,0,0,0,0,0,0,0,0,0,0,0,0,
Gabon,GAB,Carbon dioxide (CO2) emissions excluding LULUCF per capita (t CO2e/capita),EN.GHG.CO2.PC.CE.AR5,,,,,,,,,,,1.013181258,1.835626977,1.93812806,6.081120514,6.110012336,7.697558279,8.726174243,8.421375709,9.133139776,8.773676093,8.220190302,8.426895371,8.182205183,7.313395109,8.230464031,9.151700777,6.390675652,5.300178138,5.327490279,6.538764525,6.273138877,4.8810963,4.788131513,4.766200459,4.609215142,5.048552679,5.496977036,5.119858071,5.713290684,5.301621218,5.17689319,5.14711104,4.811264297,5.311245343,4.660071792,4.367011845,3.78330572,3.325264725,3.43366466,3.279034832,3.463790185,3.265459586,3.188659416,3.176378773,3.16725797,3.155382023,3.094787141,2.608697668,2.376557077,2.398414962,2.286118769,2.161674777,2.219482324,1.982824296,
United Kingdom,GBR,Carbon dioxide (CO2) emissions excluding LULUCF per capita (t CO2e/capita),EN.GHG.CO2.PC.CE.AR5,,,,,,,,,,,12.09811141,11.96272957,11.72692718,12.27932749,11.46435174,11.09201114,11.20422078,11.35918907,11.32591985,11.95911224,10.80234163,10.45590208,10.17694807,10.05213335,9.747254585,10.19522489,10.41847487,10.4782257,10.4146816,10.14927787,10.17246387,10.30008465,10.04130537,9.739175303,9.584677429,9.446595367,9.754064808,9.371065574,9.354263017,9.265435437,9.367569196,9.521509025,9.211748148,9.395637311,9.350849976,9.26021742,9.19944214,8.972710375,8.635719954,7.761566324,7.976063294,7.256181392,7.552698906,7.330513416,6.661965336,6.38913471,5.995456278,5.780029106,5.630202598,5.362858129,4.779676076,5.068304371,4.843806579,4.410782281,
Georgia,GEO,Carbon dioxide (CO2) emissions excluding LULUCF per capita (t CO2e/capita),EN.GHG.CO2.PC.CE.AR5,,,,,,,,,,,5.80851477,5.681791977,5.975079067,6.279835003,6.52538848,6.943008907,7.008152174,7.030008463,7.170270823,7.363166448,7.498712984,7.526362526,7.373822312,7.183377337,7.06055558,6.904994746,6.783313848,6.81395594,6.645584153,6.381279537,7.182090796,5.502595174,4.292808044,3.409887805,2.257966996,1.82911303,1.535476887,1.390418613,1.292650333,1.175793661,1.278374426,0.96620319,0.9028997,1.000800661,1.09718028,1.275577077,1.463889699,1.708401573,1.475841306,1.696064329,1.661712919,2.018559589,2.218176318,2.460117471,2.644825233,2.857640615,2.957366925,2.99597318,2.987885038,3.204108639,3.101579599,3.275405071,3.403068874,3.462160909,
Ghana,GHA,Carbon dioxide (CO2) emissions excluding LULUCF per capita (t CO2e/capita),EN.GHG.CO2.PC.CE.AR5,,,,,,,,,,,0.262676352,0.259833414,0.264478761,0.262563105,0.271845782,0.281135944,0.27936992,0.279988647,0.26414306,0.227208939,0.223013156,0.258465595,0.216184683,0.13252661,0.149649342,0.171368184,0.181787365,0.189493984,0.194205363,0.211337344,0.20338237,0.183873364,0.211753519,0.21313457,0.221476956,0.232438419,0.246426468,0.253133978,0.335498069,0.357313243,0.309918676,0.325937299,0.373937716,0.341794658,0.310979849,0.320172826,0.378521453,0.38961134,0.360677092,0.404107943,0.441534925,0.464903586,0.547619258,0.568282711,0.53483768,0.55019733,0.551610938,0.565312579,0.624474808,0.646259815,0.694591466,0.769081388,0.747792885,0.715161048,
Gibraltar,GIB,Carbon dioxide (CO2) emissions excluding LULUCF per capita (t CO2e/capita),EN.GHG.CO2.PC.CE.AR5,,,,,,,,,,,2.609446572,2.572168764,2.183950165,2.178886589,2.161772654,2.253944403,2.221511339,2.098939929,1.975673205,2.757655293,3.278116827,3.048016701,3.393012341,3.069641179,2.964074992,3.198653199,4.133719288,4.577164009,5.169007507,4.99201278,5.286764706,7.547029519,8.966440955,9.017362394,10.58041778,10.29696461,10.48495652,10.78601987,11.32730561,11.76151957,12.31368869,12.65502404,12.79867773,12.82096626,13.71408671,13.93203717,14.36439819,14.0638539,14.18143557,15.30999578,15.20417307,14.51042325,14.63673546,15.42876539,16.37460763,17.69047691,18.19478282,18.97503285,19.7882596,20.21186679,17.67616731,17.54571599,17.94783164,17.8991968,
Guinea,GIN,Carbon dioxide (CO2) emissions excluding LULUCF per capita (t CO2e/capita),EN.GHG.CO2.PC.CE.AR5,,,,,,,,,,,0.107398303,0.106103049,0.104867835,0.106672312,0.112127252,0.113969517,0.116352325,0.1187221,0.119294263,0.133366053,0.128838125,0.119767744,0.111649509,0.120545228,0.114669524,0.104984107,0.128159024,0.181705766,0.166133527,0.14582168,0.146960683,0.137043042,0.118998618,0.118978527,0.11730258,0.116188411,0.1170265,0.11594466,0.117805145,0.11917548,0.174520028,0.183396644,0.194706842,0.201177326,0.201848759,0.189696041,0.198555878,0.200325368,0.209145084,0.216216557,0.242533584,0.25113519,0.232924153,0.205256082,0.207366492,0.241793412,0.265293799,0.259388701,0.255549607,0.264393779,0.26931798,0.267896613,0.270989888,0.257915952,
"Gambia, The",GMB,Carbon dioxide (CO2) emissions excluding LULUCF per capita (t CO2e/capita),EN.GHG.CO2.PC.CE.AR5,,,,,,,,,,,0.151114758,0.147018473,0.142067451,0.142659587,0.149553969,0.150785817,0.151678129,0.152221379,0.149751987,0.167009529,0.158422665,0.146524607,0.131373955,0.138699223,0.1404986,0.13459483,0.121585783,0.199443449,0.175744207,0.155533605,0.115957584,0.138641531,0.113217561,0.114358804,0.127115951,0.117692375,0.118640551,0.115394181,0.121787642,0.121982315,0.184319256,0.198058743,0.200365829,0.198147706,0.201071725,0.198735841,0.21600035,0.218544389,0.215804147,0.232497,0.229779459,0.235761555,0.220401019,0.214752213,0.223974927,0.226699674,0.222614459,0.218727011,0.215491375,0.227690484,0.233450847,0.231947857,0.236718036,0.224549594,
Guinea-Bissau,GNB,Carbon dioxide (CO2) emissions excluding LULUCF per capita (t CO2e/capita),EN.GHG.CO2.PC.CE.AR5,,,,,,,,,,,0.07563274,0.075398186,0.075005966,0.07675335,0.080053739,0.078191488,0.076059759,0.073605837,0.070102843,0.077939471,0.075726242,0.071459774,0.065428892,0.070377832,0.088622882,0.097471641,0.086062671,0.197224614,0.205400712,0.188976904,0.173262166,0.212539424,0.184799035,0.1922087,0.185709014,0.186079902,0.180318049,0.185492624,0.18560422,0.187488742,0.164163983,0.166577735,0.172185523,0.198892028,0.199768369,0.199481031,0.206245588,0.211373507,0.196834255,0.203095303,0.201296392,0.199803989,0.196619025,0.196819171,0.196539932,0.201180325,0.204760868,0.159983208,0.157166283,0.162728389,0.166645557,0.165772879,0.16931612,0.160680692,
Equatorial Guinea,GNQ,Carbon dioxide (CO2) emissions excluding LULUCF per capita (t CO2e/capita),EN.GHG.CO2.PC.CE.AR5,,,,,,,,,,,0.129674598,0.13167057,0.154781754,0.095606406,0.119341048,0.132684499,0.136283898,0.13837755,0.265431362,0.251566933,0.222419312,0.274359279,0.198624525,0.122007682,0.123321796,0.109454878,0.119586488,0.121887144,0.131695367,0.168998792,0.149913341,0.150543358,0.145075083,0.145654057,2.202538272,2.253423986,2.372230797,3.138631821,3.669985066,3.856034196,3.90257636,4.801850005,4.025530198,4.234887281,6.978310222,6.751026793,6.448573878,6.888124443,6.091763252,4.823395467,4.806973429,4.79451779,4.325607681,4.251391677,4.084716122,3.718835179,3.573365619,3.127888192,2.896892024,2.727315728,2.603602281,2.477959229,2.307233809,2.044221831,
Greece,GRC,Carbon dioxide (CO2) emissions excluding LULUCF per capita (t CO2e/capita),EN.GHG.CO2.PC.CE.AR5,,,,,,,,,,,3.282012591,3.386624174,4.132122528,4.401155953,4.297065997,4.478208854,4.948177816,5.122920726,5.334455855,5.573383124,5.530523448,5.448298191,5.531184238,5.852978893,5.965499913,6.285988947,6.224397934,6.722560008,7.147187556,7.573954621,7.639873403,7.551274345,7.698445081,7.608063351,7.724370066,7.976915313,7.94075673,7.990726048,8.268581277,8.260183477,8.88916405,9.032241553,8.995927544,9.318360882,9.271984724,9.431276834,9.289930766,9.59392307,9.192260477,8.662460857,8.010895449,7.756549609,7.383080017,6.736386559,6.518684152,6.417923565,6.324812864,6.358060524,6.203580734,5.747202232,4.895304516,5.127953308,5.263286487,4.965985584,
Grenada,GRD,Carbon dioxide (CO2) emissions excluding LULUCF per capita (t CO2e/capita),EN.GHG.CO2.PC.CE.AR5,,,,,,,,,,,0.113804946,0.113534993,0.137683874,0.138791802,0.123875475,0.150826488,0.137250082,0.152550584,0.153678418,0.152895591,0.152319702,0.199889423,0.186474259,0.182204996,0.201051331,0.199769017,0.238661019,0.312737116,0.344834601,0.351086046,0.508218534,0.505987519,0.518690577,0.58018011,0.672884873,0.599793971,0.63585252,0.861405791,0.747106378,0.751449961,0.533266326,0.538953763,0.583926792,0.639212373,0.605545036,0.648841745,0.737276978,0.816127106,0.889121339,0.953673576,1.063753517,0.819957352,0.84238528,1.079418788,0.962920128,1.020265792,1.106575176,1.107954053,1.130597886,1.295039705,1.047781951,1.155217332,1.157270791,1.218814325,
Greenland,GRL,Carbon dioxide (CO2) emissions excluding LULUCF per capita (t CO2e/capita),EN.GHG.CO2.PC.CE.AR5,,,,,,,,,,,0.017241379,0.016949153,0.016563147,0.016326531,0.018181818,0.018145161,0.018108652,0.018218623,0.018292683,0.018145161,0.017928287,0.019607843,0.019417476,0.019193858,0.018975332,0.018796992,0.020560748,0.020332717,0.020072993,0.019891501,0.019784173,0.021621622,0.021699819,0.02173913,0.021621622,0.021505376,0.023255814,0.023214286,0.023172906,0.023172906,0.023137848,0.024831941,0.024737168,0.024669169,10.77015009,10.87555985,11.18273888,11.05826187,11.44013634,9.921346519,11.50988786,12.16206715,9.609223728,9.686100243,8.688160583,9.375556902,9.356423308,9.150466425,9.269407208,9.316140507,9.358312488,9.679981643,10.16219269,10.23828365,
Guatemala,GTM,Carbon dioxide (CO2) emissions excluding LULUCF per capita (t CO2e/capita),EN.GHG.CO2.PC.CE.AR5,,,,,,,,,,,0.463223226,0.451198957,0.482365046,0.499139949,0.50483206,0.54179242,0.525580911,0.589438594,0.635872648,0.691385308,0.676269077,0.569940732,0.509043829,0.421853238,0.460404457,0.470336865,0.397233589,0.43223124,0.412958171,0.427961975,0.433728361,0.44619709,0.509364053,0.550657629,0.579546339,0.658664078,0.630357028,0.64256383,0.781289767,0.758682181,0.827982374,0.850049401,0.873109677,0.849946854,0.847283469,0.899467734,0.891373596,0.930329826,0.830194155,0.85800744,0.81218683,0.82112605,0.833796841,0.879638887,0.926760289,1.062789453,1.108855254,1.035312995,1.113329615,1.150586218,1.016412379,1.150270049,1.119309596,1.177908459,
Guam,GUM,Carbon dioxide (CO2) emissions excluding LULUCF per capita (t CO2e/capita),EN.GHG.CO2.PC.CE.AR5,,,,,,,,,,,0.00113167,0.002210775,0.002159384,0.002110128,0.002063153,0.00201904,0.001976949,0.001936146,0.001897101,0.001858114,0.001815854,0.001771448,0.001728444,0.00168765,0.001648777,0.001611383,0.001575237,0.001540144,0.001506035,0.001472765,0.001442897,0.001417706,0.001394768,0.001373117,0.001352558,0.001332854,0.001314328,0.001296891,0.00192016,0.001895268,0.001874239,0.001859554,0.001848258,0.001838945,0.00183139,0.001825206,0.001213305,0.001815244,0.001810577,0.001805347,0.001801564,0.001801337,0.001803633,0.001807599,0.001208561,0.00121282,0.001826673,0.001834975,0.001844122,0.002472066,0.00246673,0.002443046,0.002421601,0.002402316,
Guyana,GUY,Carbon dioxide (CO2) emissions excluding LULUCF per capita (t CO2e/capita),EN.GHG.CO2.PC.CE.AR5,,,,,,,,,,,2.138166087,2.108292571,2.112755104,2.418857805,2.111083561,2.468898957,2.479883763,2.462914583,2.302684067,2.183200833,2.289741169,2.283203233,1.857316483,1.667888917,1.811884859,1.867456839,1.776466024,1.760718212,1.836867137,1.634729389,1.565154542,1.532236605,1.443504629,1.446016747,1.872001609,2.020601592,2.079876296,2.261739992,2.291032051,2.272908619,2.173156981,2.152582746,2.126230272,2.122523755,2.19499015,1.949497578,1.758445042,2.123243238,2.127600364,2.16595266,2.35059846,2.457136807,2.683414446,2.636459512,2.73802784,2.73412223,3.218134289,3.212579654,3.260413666,3.458612172,4.123688359,4.009653187,4.043391425,3.998533314,
High income,HIC,Carbon dioxide (CO2) emissions excluding LULUCF per capita (t CO2e/capita),EN.GHG.CO2.PC.CE.AR5,,,,,,,,,,,11.89870608,11.6805865,12.13120378,12.704944,12.4088088,12.01297445,12.6148766,12.77575095,12.9419414,13.12814857,12.74900661,12.34261746,11.90399119,11.82593607,12.06602704,12.08574319,12.0639319,12.2667765,12.57238558,12.62662917,12.55119174,12.40537605,12.13751913,11.97526518,11.90852719,11.94756585,12.1520641,12.18473161,12.11998096,12.15580387,12.35228569,12.32561719,12.18950034,12.38204385,12.43268432,12.41828164,12.33277598,12.38283317,12.06225434,11.29268831,11.75873985,11.61944547,11.41596559,11.37427757,11.1685511,11.07774517,10.92823776,10.86005051,10.89718827,10.65771167,9.810945827,10.34238776,10.23416851,9.886979674,
"Hong Kong SAR, China",HKG,Carbon dioxide (CO2) emissions excluding LULUCF per capita (t CO2e/capita),EN.GHG.CO2.PC.CE.AR5,,,,,,,,,,,2.406365244,2.364571231,2.389004753,2.343078084,2.601397962,2.52586516,2.895750332,3.309247987,3.464659882,3.067306327,3.072643242,3.229675503,3.61945104,4.220370059,4.617036255,4.754921007,5.392987728,5.342137801,5.92700263,6.027628293,6.143360505,6.692767733,7.498077752,7.53494323,6.319166915,6.274654408,5.608919276,5.302575008,6.505921726,6.893196095,6.286706677,6.233978226,6.072166783,6.613968622,6.007444535,6.312070686,6.188067842,6.424114049,6.19885596,6.474515259,6.01174511,6.389247129,6.244234346,6.433548315,6.577813127,6.068245717,6.144440204,5.969634259,5.911896519,5.794989278,4.699371742,4.73150234,4.44139067,4.600894362,
Honduras,HND,Carbon dioxide (CO2) emissions excluding LULUCF per capita (t CO2e/capita),EN.GHG.CO2.PC.CE.AR5,,,,,,,,,,,0.44275761,0.4298995,0.43472696,0.464260015,0.442378242,0.4625718,0.471337158,0.496166866,0.485898724,0.498951447,0.500245092,0.462988752,0.441833842,0.493284494,0.490422277,0.429736995,0.425543488,0.458671899,0.477284232,0.515176262,0.472905466,0.463270172,0.506086488,0.515631866,0.572765978,0.657428336,0.677749183,0.676954812,0.764191632,0.754445421,0.759436362,0.870894658,0.89578128,0.966427047,1.072257355,0.948256669,1.063416306,1.105478405,1.080724615,0.997008632,0.953504223,1.110474543,1.138452493,1.090887246,1.095251725,1.139509846,1.101368623,0.973932684,0.92127051,1.021839804,0.870989482,0.96038077,0.987053358,1.028271791,
Heavily indebted poor countries (HIPC),HPC,Carbon dioxide (CO2) emissions excluding LULUCF per capita (t CO2e/capita),EN.GHG.CO2.PC.CE.AR5,,,,,,,,,,,0.196426359,0.197893968,0.201864485,0.237605157,0.249597594,0.224531106,0.223464258,0.203536725,0.194310324,0.186084728,0.189228434,0.186323387,0.175335244,0.184793877,0.176633253,0.176477642,0.175860813,0.174321457,0.170214426,0.169016363,0.165742802,0.157649875,0.153612627,0.152016394,0.158997348,0.162053062,0.168622807,0.178260798,0.181345646,0.180587451,0.176678359,0.181082754,0.184324093,0.185978921,0.190586018,0.194873431,0.206351304,0.216019585,0.220549837,0.226918165,0.238261049,0.253000117,0.262600446,0.26652057,0.272008551,0.284170032,0.295077375,0.294585651,0.299291911,0.303005865,0.286052627,0.300745512,0.295871728,0.289207424,
Croatia,HRV,Carbon dioxide (CO2) emissions excluding LULUCF per capita (t CO2e/capita),EN.GHG.CO2.PC.CE.AR5,,,,,,,,,,,4.943597963,4.838607399,4.786651759,5.033890278,5.150646007,5.245538534,5.048993217,4.939083085,5.148147218,5.478306025,4.939060155,5.317868836,5.350075115,5.985246833,6.12828065,6.26211204,6.743124882,6.564593665,7.193251524,6.902958932,5.221264094,3.875690922,3.58165469,3.630612832,3.439234191,3.583504869,3.787476984,4.039277429,4.197734622,4.413733378,4.336009518,4.777188426,4.964001921,5.285426706,5.279491707,5.301074558,5.342948381,5.685003794,5.410927198,5.033679188,4.874649249,4.777880411,4.409337409,4.340916058,4.206685171,4.340846275,4.449279706,4.650707043,4.453597909,4.548474575,4.406002137,4.568235833,4.523891099,4.522777241,
Haiti,HTI,Carbon dioxide (CO2) emissions excluding LULUCF per capita (t CO2e/capita),EN.GHG.CO2.PC.CE.AR5,,,,,,,,,,,0.115077827,0.113968281,0.108561348,0.112070267,0.119756983,0.118805606,0.155991595,0.159770513,0.16403274,0.15767332,0.152979085,0.131575154,0.152983146,0.165179658,0.166841593,0.169087923,0.15498434,0.163937911,0.172069786,0.172963023,0.166519779,0.159246367,0.145237818,0.120552099,0.05579687,0.148944549,0.166109702,0.190392572,0.191473709,0.196606773,0.204091194,0.204306617,0.226659081,0.221109527,0.200925607,0.201803875,0.200823257,0.23292767,0.226896577,0.219049719,0.264982362,0.296866213,0.273849326,0.291214496,0.311166189,0.331979441,0.335240071,0.331492101,0.324473868,0.323642255,0.307937283,0.299773548,0.294872756,0.303890956,
Hungary,HUN,Carbon dioxide (CO2) emissions excluding LULUCF per capita (t CO2e/capita),EN.GHG.CO2.PC.CE.AR5,,,,,,,,,,,6.4106478,6.551527137,6.736613368,7.176927269,7.34029538,7.438965327,7.772894674,8.10285958,8.76894346,8.626138717,8.552213298,8.43553792,8.458671145,8.123981532,8.28706531,8.296608238,8.179838812,8.297856322,7.866446682,7.73802465,6.971388438,6.596429329,5.951496821,6.054072967,6.037750807,6.03727479,6.166795878,6.055778124,6.060290827,6.117139583,5.824881884,5.987842447,5.903702555,6.186986354,6.016396716,6.067642074,6.02370879,5.88047869,5.760511758,5.157238854,5.233487963,5.157321294,4.802617082,4.536534662,4.558336905,4.851621621,4.945452012,5.260016803,5.244461605,5.237382339,5.067381258,5.217926988,4.955838966,4.568843849,
IBRD only,IBD,Carbon dioxide (CO2) emissions excluding LULUCF per capita (t CO2e/capita),EN.GHG.CO2.PC.CE.AR5,,,,,,,,,,,2.083020587,2.043434403,2.107599823,2.194095095,2.232685016,2.3368826,2.409883017,2.482401665,2.608440233,2.630087666,2.622269189,2.5575723,2.569803601,2.579909206,2.6284869,2.631142108,2.679381834,2.748919629,2.7884249,2.79175311,2.844379915,2.822761383,2.744379675,2.705689385,2.666230982,2.744198118,2.721769164,2.721638421,2.707053159,2.67912853,2.744860158,2.780539677,2.854936901,3.056016543,3.268238342,3.462278916,3.663571025,3.84626311,3.913234269,3.970838291,4.221265482,4.452586054,4.553360772,4.629403221,4.646043314,4.567059974,4.546189266,4.618816386,4.758957052,4.807677237,4.668252426,4.908923934,4.916913148,5.111683893,
IDA & IBRD total,IBT,Carbon dioxide (CO2) emissions excluding LULUCF per capita (t CO2e/capita),EN.GHG.CO2.PC.CE.AR5,,,,,,,,,,,1.781328974,1.751872037,1.808709242,1.885795788,1.923499273,2.000095535,2.060728603,2.113869866,2.214765631,2.23882366,2.228153915,2.16752845,2.17342557,2.179636959,2.215624993,2.215659776,2.252139079,2.307887631,2.337885464,2.337209269,2.377344679,2.356330435,2.286361645,2.248296048,2.209117483,2.267175814,2.249635462,2.243795049,2.228909423,2.203420789,2.252485594,2.27657332,2.32611335,2.47655661,2.636271277,2.779888958,2.928610199,3.061491203,3.104371943,3.135374959,3.320909449,3.489441831,3.552724625,3.602631977,3.609095442,3.541393114,3.524145678,3.573358467,3.666678848,3.691017054,3.572861974,3.742743456,3.730320448,3.851720439,
IDA total,IDA,Carbon dioxide (CO2) emissions excluding LULUCF per capita (t CO2e/capita),EN.GHG.CO2.PC.CE.AR5,,,,,,,,,,,0.393724809,0.413061998,0.440157241,0.481410508,0.523648404,0.484894469,0.500153791,0.478202447,0.481519674,0.531910595,0.5242015,0.494898269,0.487733225,0.492213358,0.489906573,0.49405797,0.496837752,0.511022999,0.517724997,0.516882052,0.523588568,0.522125073,0.504950751,0.490964525,0.473930096,0.478161017,0.500527244,0.494511254,0.49929651,0.503065881,0.513537925,0.518381048,0.504815568,0.506610417,0.514783801,0.518129772,0.524697878,0.530122502,0.530262398,0.511199236,0.529316193,0.540146148,0.523070688,0.523862404,0.53212235,0.531860378,0.561017078,0.580522638,0.581305087,0.580834456,0.567973766,0.595244292,0.580199913,0.560417752,
IDA blend,IDB,Carbon dioxide (CO2) emissions excluding LULUCF per capita (t CO2e/capita),EN.GHG.CO2.PC.CE.AR5,,,,,,,,,,,0.751177828,0.818266485,0.893194319,1.008790113,1.126890706,1.00337201,1.038304353,0.958026268,0.970194901,1.104372861,1.065442165,0.979064635,0.959874008,0.964094365,0.963723424,0.983604046,0.987378729,0.997925173,1.01654848,1.023416155,1.026425169,1.030086392,1.013662797,1.001470274,0.948593856,0.942541412,0.985009038,0.960196557,0.960239329,0.9684288,0.993137906,0.991229269,0.944413553,0.930762005,0.941953452,0.915364221,0.916144812,0.902872676,0.893277526,0.83491823,0.8660366,0.877934084,0.825319818,0.844931053,0.848653875,0.834346237,0.869372834,0.885875718,0.870184958,0.864038332,0.863249847,0.906167765,0.870994408,0.823353827,
Indonesia,IDN,Carbon dioxide (CO2) emissions excluding LULUCF per capita (t CO2e/capita),EN.GHG.CO2.PC.CE.AR5,,,,,,,,,,,0.268889621,0.264846584,0.305147071,0.33530767,0.365126861,0.369922456,0.388422581,0.51811496,0.594874381,0.624978195,0.608078359,0.627163184,0.61759097,0.597531317,0.597971381,0.635685485,0.688013253,0.692717426,0.727417674,0.746353959,0.881619793,0.935142134,0.960601997,1.033874583,1.082166549,1.196184522,1.240225923,1.334087875,1.326134297,1.386228775,1.384188074,1.458634688,1.463222127,1.571392269,1.58017942,1.570602107,1.638945042,1.695257058,1.6542308,1.691367292,1.801445037,2.004120479,1.995547065,1.856457769,1.951327933,1.957253132,1.916191466,2.003829799,2.2132714,2.338843803,2.162413586,2.237793601,2.355083578,2.398861052,
IDA only,IDX,Carbon dioxide (CO2) emissions excluding LULUCF per capita (t CO2e/capita),EN.GHG.CO2.PC.CE.AR5,,,,,,,,,,,0.225265322,0.221415229,0.225130866,0.230532023,0.235907568,0.236464325,0.240855724,0.245520424,0.243195031,0.251111689,0.255464282,0.251136278,0.248057099,0.25166532,0.247520632,0.242351263,0.243161498,0.257815579,0.256894455,0.250674002,0.257718081,0.25194191,0.233757384,0.218825931,0.220742562,0.230145662,0.241357597,0.244949962,0.251863132,0.252936733,0.255106385,0.262736865,0.266861977,0.276812815,0.282839355,0.302013691,0.311393411,0.326385117,0.331080302,0.332925472,0.343227956,0.353030879,0.355495136,0.345686295,0.356538257,0.364311063,0.390735467,0.412483382,0.422818878,0.425976275,0.407022108,0.426187833,0.422469027,0.41824561,
Isle of Man,IMN,Carbon dioxide (CO2) emissions excluding LULUCF per capita (t CO2e/capita),EN.GHG.CO2.PC.CE.AR5,,,,,,,,,,,,,,,,,,,,,,,,,,,,,,,,,,,,,,,,,,,,,,,,,,,,,,,,,,,,,,,,,
India,IND,Carbon dioxide (CO2) emissions excluding LULUCF per capita (t CO2e/capita),EN.GHG.CO2.PC.CE.AR5,,,,,,,,,,,0.391918674,0.384213381,0.390832918,0.380377696,0.398030863,0.414195568,0.432513319,0.430744889,0.413810155,0.434672878,0.441659595,0.474620264,0.488542577,0.508016244,0.546926914,0.558355054,0.592644289,0.619872316,0.643383224,0.673874305,0.694458487,0.731268941,0.741634594,0.758857225,0.790360112,0.82938981,0.8508016,0.878467462,0.884123268,0.926225373,0.941139243,0.938682659,0.956523084,0.968644599,1.027134962,1.053571357,1.107015491,1.18744711,1.244782314,1.340702989,1.402266789,1.467091096,1.581923153,1.607627302,1.709121301,1.70187478,1.713881972,1.789997318,1.871823689,1.830078925,1.653299904,1.802062141,1.92281182,2.054964313,
Not classified,INX,Carbon dioxide (CO2) emissions excluding LULUCF per capita (t CO2e/capita),EN.GHG.CO2.PC.CE.AR5,,,,,,,,,,,,,,,,,,,,,,,,,,,,,,,,,,,,,,,,,,,,,,,,,,,,,,,,,,,,,,,,,
Ireland,IRL,Carbon dioxide (CO2) emissions excluding LULUCF per capita (t CO2e/capita),EN.GHG.CO2.PC.CE.AR5,,,,,,,,,,,6.98605123,7.733761134,7.497340995,7.238127643,7.703394422,7.119060683,7.188060716,7.576107489,7.409209696,8.59951093,8.172614862,8.011555169,7.853118366,7.682105623,7.639090788,8.080140596,8.348160432,8.788248325,8.575499958,8.906584973,9.202230865,9.300909532,9.207431367,9.22706704,9.530033818,9.638884063,9.925608452,10.16964099,10.71609418,10.97705701,11.5166087,11.90959803,11.43932001,11.12282408,11.05137704,11.31535412,11.15806356,10.6725208,10.30922071,9.077242786,8.973993209,8.109763926,8.173938528,7.857362836,7.759192226,8.006240806,8.29821686,7.932022012,7.588716425,7.117354197,6.647496392,6.923219162,6.663090878,6.12001658,
"Iran, Islamic Rep.",IRN,Carbon dioxide (CO2) emissions excluding LULUCF per capita (t CO2e/capita),EN.GHG.CO2.PC.CE.AR5,,,,,,,,,,,2.756888808,2.868413745,3.11054116,3.601507018,3.71290648,3.66980147,4.108826435,4.17728116,3.93903444,3.5455529,2.920098235,2.742700333,3.191867319,3.467588799,3.285387425,3.371820934,3.031737425,3.092483082,3.021292185,3.150414795,3.570792591,3.83764757,3.996287782,3.96230882,4.511337812,4.555214487,4.678004431,4.828504838,4.758900667,5.131713553,5.328763112,5.458014184,5.65074339,5.89775618,6.19109035,6.529185404,6.89497424,7.218348335,7.349225319,7.494652117,7.447085114,7.473235663,7.462898721,7.616628634,7.808146409,7.617351245,7.661927326,7.835657233,7.678412357,8.004177015,8.120548802,8.349769095,8.495505229,8.595225843,
Iraq,IRQ,Carbon dioxide (CO2) emissions excluding LULUCF per capita (t CO2e/capita),EN.GHG.CO2.PC.CE.AR5,,,,,,,,,,,2.396018082,2.709299214,2.603947551,2.763019818,2.876270364,3.18725317,3.875473888,3.438426878,3.659821278,4.393014165,3.825811551,2.575133434,2.657689811,2.839866838,3.101308082,3.488962555,3.82078798,3.701030122,3.892069576,4.232337369,3.949888307,3.064638073,4.140431767,5.216883637,5.459526002,5.238636004,4.681758856,5.461623433,4.119264832,3.143528658,3.63618557,3.994465399,3.654904903,3.092510336,3.275125084,3.070863669,2.965528821,2.762397352,3.129687872,3.222061889,3.591283156,3.603876495,3.953196393,4.093014711,3.783509624,3.671510536,3.959061002,4.211760257,4.432341592,4.70127928,4.047014236,4.059245049,4.322053972,4.279806325,
Iceland,ISL,Carbon dioxide (CO2) emissions excluding LULUCF per capita (t CO2e/capita),EN.GHG.CO2.PC.CE.AR5,,,,,,,,,,,9.46448312,9.866180167,10.74271889,12.16765497,11.74950862,10.88912235,10.88329079,11.11727285,11.36679834,11.64152657,10.66328275,10.1410587,8.465748739,8.528675779,9.37702235,8.844472981,8.809112591,8.867684323,9.213982542,9.101371553,9.189407674,8.89653487,8.840981088,9.134135937,9.482710012,9.131185787,10.07898377,9.686568706,9.888084891,9.886762251,10.14953504,10.38362202,10.88678123,10.71183092,10.87669563,10.54277568,10.67443101,11.15686564,11.91094281,12.01981796,11.75068623,11.29919063,11.3680016,11.46328807,10.58261502,10.97259798,9.478921652,9.699184624,9.3952444,8.804841318,8.265500201,8.662085257,8.508048366,7.845958678,
Israel,ISR,Carbon dioxide (CO2) emissions excluding LULUCF per capita (t CO2e/capita),EN.GHG.CO2.PC.CE.AR5,,,,,,,,,,,5.015097512,4.865461062,4.998824651,5.139383771,5.123630441,5.266599132,5.14378715,5.248879048,5.472086721,5.431880613,5.266787004,5.376643074,5.573753411,5.674421437,5.804159654,6.097448618,6.541242149,7.023208972,7.330279154,7.479459938,7.558669528,7.248615882,7.497501464,8.005721346,8.350583441,8.69336339,9.008239635,9.072464016,8.962284374,8.972538776,9.429336938,9.204239789,9.517031963,9.609519111,9.414818622,8.942814678,9.23553596,9.405217198,9.288747811,8.966455595,9.44877748,9.170761544,9.817571582,8.481469074,8.035444332,8.12323242,7.917364849,7.795863794,7.157394065,7.229677491,6.67683476,6.51884457,6.576416427,6.219413138,
Italy,ITA,Carbon dioxide (CO2) emissions excluding LULUCF per capita (t CO2e/capita),EN.GHG.CO2.PC.CE.AR5,,,,,,,,,,,5.85135405,6.095441593,6.393834136,6.755402774,6.757247953,6.425273599,6.871985952,6.646504661,6.75451935,7.018251031,7.052782457,6.835719472,6.686046656,6.606948078,6.702241017,6.69563417,6.727969418,7.07281347,7.1534839,7.468085395,7.518029156,7.493889772,7.455604193,7.332059622,7.233135245,7.657787624,7.56700622,7.623335632,7.783307722,7.901876364,7.985614091,7.969432427,8.081431465,8.382615683,8.519220361,8.484118107,8.355009612,8.181599822,7.859949627,6.955075852,7.088674416,6.912024572,6.560045184,6.003808918,5.692113324,5.87784861,5.812955231,5.765350274,5.662784696,5.566596613,4.97779979,5.652945429,5.638792112,5.178372693,
Jamaica,JAM,Carbon dioxide (CO2) emissions excluding LULUCF per capita (t CO2e/capita),EN.GHG.CO2.PC.CE.AR5,,,,,,,,,,,4.285974414,4.22197919,4.144874924,4.358309806,4.445363066,3.685373958,3.232533788,3.494881093,3.535264813,3.364919608,3.205217234,3.129424818,2.631303119,2.626103439,2.416272992,2.127294539,2.013558956,2.067290379,2.155533113,2.739343821,3.221469009,3.156190529,3.409863732,3.435546362,3.433997786,3.515627656,3.631940734,3.682872762,3.845531214,3.917182634,3.916058817,3.9157858,3.872229199,3.963866909,3.958162206,3.949847157,4.547221589,4.497015255,3.609654264,2.928284487,2.787124059,2.741828093,2.517430557,2.675983327,2.57206356,2.523537627,2.701362853,2.584627121,3.071100037,2.988483925,2.080799395,2.269140799,2.243281778,2.417330038,
Jordan,JOR,Carbon dioxide (CO2) emissions excluding LULUCF per capita (t CO2e/capita),EN.GHG.CO2.PC.CE.AR5,,,,,,,,,,,1.750935845,1.678332305,1.350437869,1.469888544,1.544762835,1.659246309,1.925821823,1.933727654,2.271794663,2.34367528,2.873261224,3.18600122,3.230340262,3.568901989,3.736145265,3.649691775,3.702996027,3.945683766,3.628925297,2.839271358,2.780633854,2.576734627,2.899513118,2.859738456,2.848770752,2.905181208,2.875878674,2.897240247,2.872750608,2.816878185,3.056519047,3.00198549,3.063799464,3.073707537,3.233628485,3.369467925,3.196485779,3.126232656,2.931844473,2.949261897,2.82132091,2.809145578,3.233555996,3.015725226,2.939291674,2.685534602,2.521834348,2.5942167,2.414085384,2.218182326,1.980418635,2.015930086,1.984299763,2.061243199,
Japan,JPN,Carbon dioxide (CO2) emissions excluding LULUCF per capita (t CO2e/capita),EN.GHG.CO2.PC.CE.AR5,,,,,,,,,,,8.208191252,8.008288788,8.3311714,9.259978658,9.106481364,8.502774865,8.69637065,8.832539167,8.757704524,8.88898093,8.588041813,8.342488165,7.931808744,7.906029822,8.419583122,8.13871248,8.070989941,8.092013533,8.653005433,8.860836604,9.44964852,9.493565874,9.498743822,9.410838026,9.80971896,9.871842323,9.95143332,9.812655386,9.4126875,9.719006404,9.845295365,9.714760635,9.960606536,9.996330196,9.951269167,10.04138276,9.857331018,10.12687948,9.565286617,9.070201567,9.529581479,9.961007721,10.27430913,10.41006003,10.02746394,9.716918225,9.701886273,9.591472136,9.299016647,8.998423792,8.491691813,8.632303061,8.071758552,7.587407788,
Kazakhstan,KAZ,Carbon dioxide (CO2) emissions excluding LULUCF per capita (t CO2e/capita),EN.GHG.CO2.PC.CE.AR5,,,,,,,,,,,14.90035838,14.56783005,15.18864794,15.91274035,16.22662783,16.63432681,16.71560679,16.55045037,17.01619488,17.0244526,17.41164707,16.30445494,15.46130264,15.00263221,14.36062118,13.76882046,13.61210456,14.28220416,14.54770014,14.18947553,14.49375757,15.04330791,15.30686783,13.08996904,11.95865633,10.77794519,9.625904002,8.558439932,9.04799625,8.38828008,8.529651084,8.376680117,9.29497364,10.29686843,11.01254568,11.74784729,13.0520496,13.50771418,15.80447477,13.92100143,14.84199204,15.72297952,15.44423685,16.30163002,13.03847014,11.3572429,11.74774009,12.20698275,12.08980619,11.29309867,11.53521458,12.40220947,11.99027143,11.79861648,
Kenya,KEN,Carbon dioxide (CO2) emissions excluding LULUCF per capita (t CO2e/capita),EN.GHG.CO2.PC.CE.AR5,,,,,,,,,,,0.329674457,0.317909112,0.320594852,0.320819385,0.313127435,0.298194058,0.328573139,0.339937732,0.328583005,0.31344704,0.324463171,0.311182593,0.28125949,0.253283944,0.282788365,0.280317937,0.302080541,0.303355204,0.291287517,0.296842896,0.282435617,0.262875957,0.258185597,0.246436822,0.243016143,0.252517212,0.270499668,0.25310863,0.269339679,0.268586769,0.290609012,0.260942966,0.245410577,0.214823847,0.231907196,0.25208621,0.272395887,0.264278782,0.270667882,0.309607606,0.325744394,0.327065092,0.2959399,0.318713553,0.356082242,0.376728717,0.399468738,0.405278565,0.380695108,0.379148987,0.367856773,0.403760555,0.394260456,0.392737469,
Kyrgyz Republic,KGZ,Carbon dioxide (CO2) emissions excluding LULUCF per capita (t CO2e/capita),EN.GHG.CO2.PC.CE.AR5,,,,,,,,,,,5.220649346,5.119743242,5.320639855,5.486492485,5.605943112,5.812902442,5.901092685,5.942609305,6.112127556,6.150028153,6.348399403,5.978213685,5.555528955,5.153349139,4.805203759,4.578678295,4.469863519,4.793345558,4.875426702,4.788415554,5.387298701,4.763293765,3.100256899,2.27753108,1.490630597,1.043317179,1.278098572,1.242818734,1.291000343,1.015180081,0.97947028,0.815094135,1.009536931,1.122239609,1.099082358,1.087234438,1.071234272,1.279500264,1.470877723,1.306431613,1.208199875,1.424948351,1.847232769,1.676639866,1.683263775,1.707887172,1.577387343,1.527995007,1.78009922,1.551695386,1.383716221,1.533302662,1.478232945,1.473854713,
Cambodia,KHM,Carbon dioxide (CO2) emissions excluding LULUCF per capita (t CO2e/capita),EN.GHG.CO2.PC.CE.AR5,,,,,,,,,,,0.03211239,0.032639166,0.034822291,0.042049187,0.047381487,0.041328775,0.043749045,0.04955411,0.049677137,0.053372027,0.056059072,0.057394321,0.060315295,0.065150244,0.062941426,0.067176469,0.056270645,0.061131722,0.063461408,0.059051614,0.05861892,0.062041018,0.064451455,0.061545561,0.059009681,0.149812891,0.154259638,0.153746674,0.165340139,0.158335447,0.160555774,0.172785304,0.174831417,0.185242964,0.182646216,0.200964313,0.220492252,0.267053997,0.291507889,0.341364773,0.355699432,0.364290671,0.376732551,0.375176135,0.456504779,0.544957,0.668090053,0.737163303,0.757988468,0.962005191,0.992486072,0.988405711,1.008881435,1.03134893,
Kiribati,KIR,Carbon dioxide (CO2) emissions excluding LULUCF per capita (t CO2e/capita),EN.GHG.CO2.PC.CE.AR5,,,,,,,,,,,0.32689967,0.320534679,0.336244103,0.397869262,0.483510021,0.401724958,0.397289857,0.423117129,0.422624616,0.452037493,0.479165304,0.466830862,0.451420788,0.439464539,0.194701662,0.21053898,0.183664174,0.239484892,0.236605205,0.222838941,0.224433906,0.230466039,0.247292024,0.246064865,0.249934392,0.222813108,0.221487963,0.224606938,0.226484701,0.222666024,0.371277352,0.326562241,0.473640857,0.474648261,0.482905761,0.628347019,0.661887479,0.603519222,0.658210359,0.544769741,0.562076832,0.515151789,0.496954152,0.527943218,0.526334044,0.533321919,0.572258141,0.655996674,0.660201173,0.67623728,0.674866573,0.695607469,0.722010593,0.734927941,
St. Kitts and Nevis,KNA,Carbon dioxide (CO2) emissions excluding LULUCF per capita (t CO2e/capita),EN.GHG.CO2.PC.CE.AR5,,,,,,,,,,,0.329552078,0.332534045,0.406513297,0.410209663,0.368100965,0.444892905,0.40476519,0.449743992,0.451211329,0.446169219,0.443407235,0.437959623,0.409103734,0.403930647,0.451167098,0.456130296,0.408477101,0.437747896,0.504115727,0.520143285,0.511970716,0.686357104,0.682795039,0.814703458,0.955093834,0.793838303,0.907246309,0.918762089,0.929587709,0.928230309,1.093971004,1.1035598,1.249456758,1.297210672,1.407751268,1.307147318,1.483819708,1.635764142,1.714529732,1.926847984,2.104768817,1.657211108,1.694554887,1.931207376,2.064176347,2.161955529,2.366436537,2.208289054,2.312372362,2.660163571,2.163430766,2.399332806,2.412811236,2.540741691,
"Korea, Rep.",KOR,Carbon dioxide (CO2) emissions excluding LULUCF per capita (t CO2e/capita),EN.GHG.CO2.PC.CE.AR5,,,,,,,,,,,1.923709959,1.906199685,1.92708902,2.333505918,2.412635715,2.572852457,2.830395551,3.173518361,3.305301429,3.702475788,3.709656245,3.805605356,3.743627174,4.017123054,4.466242551,4.629321303,4.773898585,4.866068629,5.440102693,5.671402966,6.347754871,6.90863463,7.290202456,7.838642742,8.362955221,8.975714208,9.480905533,9.912448606,8.413383487,9.103722687,10.08672525,10.18557799,10.3111286,10.3460575,10.72536362,10.69627676,10.77470486,10.94806842,11.07572998,11.18214174,12.07019309,12.59405769,12.59260859,12.47052756,12.28698031,12.59808424,12.8839107,13.00304617,12.99916538,12.5784611,11.84888626,12.19001004,11.37581528,11.09082679,
Kuwait,KWT,Carbon dioxide (CO2) emissions excluding LULUCF per capita (t CO2e/capita),EN.GHG.CO2.PC.CE.AR5,,,,,,,,,,,47.74765979,47.38936232,45.24670995,38.12616734,29.22908164,23.50047019,22.55981322,20.82775911,22.54052953,24.37313578,21.57880676,19.41353748,19.75085415,20.32047331,19.83805023,21.55864985,22.27723927,22.9947579,26.57535671,29.88557219,19.23506323,28.48707155,16.49140255,20.49862722,24.47371694,23.97358807,22.91344699,23.35324551,25.11877122,26.25700647,27.86977499,28.63637201,29.16633899,29.9423048,31.16334155,33.72192626,33.01429802,30.42856397,30.82411281,29.87650797,29.38748483,28.6880102,27.20078967,26.56152896,24.89803256,24.69267773,24.28395823,23.15394776,22.66641841,22.24560342,22.41007193,24.34014811,23.83568831,23.00099723,
Latin America & Caribbean (excluding high income),LAC,Carbon dioxide (CO2) emissions excluding LULUCF per capita (t CO2e/capita),EN.GHG.CO2.PC.CE.AR5,,,,,,,,,,,1.634226063,1.598486387,1.659516483,1.759696633,1.835148622,1.864793373,1.948960565,1.987422748,2.084637723,2.140479973,2.166766185,2.122973077,2.120602663,2.019128758,2.005752816,2.003362981,2.033854763,2.078534515,2.071155782,2.074211729,2.000331299,2.028848416,2.020738351,2.053524781,2.124591297,2.125623393,2.215643039,2.308731372,2.372196873,2.314553468,2.363807068,2.320839913,2.289495105,2.312341915,2.383824301,2.418838068,2.461628406,2.525239656,2.552980536,2.437880086,2.592118192,2.665365696,2.752482932,2.784874263,2.783504689,2.756411015,2.686106215,2.65670456,2.560518103,2.548031121,2.309287005,2.523422567,2.50585939,2.544159865,
Lao PDR,LAO,Carbon dioxide (CO2) emissions excluding LULUCF per capita (t CO2e/capita),EN.GHG.CO2.PC.CE.AR5,,,,,,,,,,,0.107989581,0.105535378,0.109756359,0.128476092,0.153481865,0.124470932,0.120331132,0.124786665,0.121794346,0.128461602,0.135517117,0.054208495,0.048115579,0.050437715,0.040765915,0.047353131,0.049574767,0.054578367,0.053553,0.056621683,0.059740883,0.07102404,0.076190125,0.078142009,0.08396372,0.080435606,0.092197719,0.099805688,0.105044218,0.100116387,0.172061043,0.18638112,0.205742798,0.210602243,0.217585849,0.221926041,0.286524014,0.298205024,0.343065642,0.423077773,0.467525939,0.486447712,0.511690636,0.596576965,0.654511029,1.312535423,2.297200007,2.742048578,2.786472308,2.676274408,2.645846687,3.195489075,3.247900154,3.394758482,
Lebanon,LBN,Carbon dioxide (CO2) emissions excluding LULUCF per capita (t CO2e/capita),EN.GHG.CO2.PC.CE.AR5,,,,,,,,,,,2.275792355,2.249425053,2.395318379,2.880640203,2.857825921,2.491319776,2.310754313,1.982401422,2.34755456,2.584163448,2.558202477,2.533449031,1.837717448,1.935059044,1.941039298,2.213729449,2.278717657,2.271562565,1.717135373,1.69438783,1.661449025,2.019481525,2.123915673,2.984389817,3.220269222,3.666491194,3.73750149,4.030712649,3.932670395,3.982020442,3.535527355,3.752091702,3.688537078,3.63908317,3.628460026,3.548156302,3.395419538,3.08541204,3.717539897,4.318201257,4.097603628,4.116977563,4.475946294,4.022435351,3.933754425,4.156590012,4.406695492,4.755534301,4.594126554,4.659912325,3.826232403,2.948363116,2.936936601,3.00201282,
Liberia,LBR,Carbon dioxide (CO2) emissions excluding LULUCF per capita (t CO2e/capita),EN.GHG.CO2.PC.CE.AR5,,,,,,,,,,,0.66245033,0.642254353,0.627483519,0.630845902,0.660000664,0.667658939,0.676505189,0.679664262,0.677355717,0.767389344,0.713125754,0.612773779,0.546190772,0.583974376,0.502734996,0.489435801,0.369545564,0.375605379,0.438424956,0.317730388,0.168505446,0.131151362,0.11126868,0.114656869,0.114608489,0.116773206,0.123326326,0.112889035,0.108347028,0.106354928,0.137426203,0.151724284,0.149638973,0.160344565,0.172606475,0.206572827,0.207259853,0.182090732,0.147343512,0.132892792,0.196605476,0.211647081,0.226455583,0.205469998,0.259689726,0.262564249,0.288690742,0.249003645,0.278215618,0.287981829,0.300341997,0.307511062,0.312657376,0.29799577,
Libya,LBY,Carbon dioxide (CO2) emissions excluding LULUCF per capita (t CO2e/capita),EN.GHG.CO2.PC.CE.AR5,,,,,,,,,,,18.99645105,12.83959297,9.303303414,8.372940373,5.34254635,6.315009278,7.68753328,7.845823733,7.956263108,8.389391455,8.194480866,6.923953316,7.552557007,7.138337831,7.160288242,6.462771995,7.124577743,6.791228211,6.960997037,6.627453418,7.342507343,7.230767538,7.383728648,7.709582309,8.808746179,9.810951767,10.14943077,9.255013042,9.028977354,9.151543166,9.290048051,9.021328035,9.058058496,9.571683657,9.278307206,9.852259798,9.610747848,8.804120975,9.163938975,9.465536702,9.798272934,6.973637766,10.17168857,9.930419368,9.615120117,8.372966244,7.739102062,8.238269002,8.380616012,8.317972307,6.503066753,7.849001601,7.897029336,8.385088874,
St. Lucia,LCA,Carbon dioxide (CO2) emissions excluding LULUCF per capita (t CO2e/capita),EN.GHG.CO2.PC.CE.AR5,,,,,,,,,,,0.285949692,0.282123867,0.338672855,0.336750451,0.296123804,0.352223978,0.314876584,0.342576773,0.337552014,0.329283235,0.320228016,0.233563871,0.285164152,0.241514987,0.263640442,0.333697226,0.34288588,0.388810076,0.523703704,0.531088842,0.513575662,0.509604358,0.505589018,0.485646299,0.577147166,0.558674296,0.545747029,0.552536885,0.557936862,0.558384705,0.608387552,0.645294158,0.601332583,0.694580797,0.667320186,0.695678453,0.76692731,0.82380572,0.885029146,0.947789179,1.064912876,0.820134924,0.843632487,0.960379307,1.019306527,1.041136617,1.116450133,1.111476563,1.056960631,1.756153573,1.420476858,1.568434143,1.572874075,1.654349221,
Latin America & Caribbean,LCN,Carbon dioxide (CO2) emissions excluding LULUCF per capita (t CO2e/capita),EN.GHG.CO2.PC.CE.AR5,,,,,,,,,,,1.927265717,1.896009212,1.975210444,2.093520629,2.130604307,2.118045204,2.209184869,2.252132848,2.348409174,2.401051975,2.415138572,2.346156158,2.311623529,2.208850001,2.194380468,2.171524222,2.203080514,2.244712801,2.244407826,2.271459191,2.19034975,2.21539709,2.211686666,2.246577058,2.342376308,2.339862204,2.456992592,2.548394273,2.612750113,2.556825335,2.595769339,2.562940681,2.531209636,2.557697045,2.641013966,2.69258183,2.725321415,2.788545868,2.824548379,2.709970867,2.872350257,2.937000148,3.044555639,3.069494158,3.050366658,3.004222152,2.919100119,2.871416,2.772243486,2.741800033,2.429119777,2.626106139,2.620237363,2.661736175,
Least developed countries: UN classification,LDC,Carbon dioxide (CO2) emissions excluding LULUCF per capita (t CO2e/capita),EN.GHG.CO2.PC.CE.AR5,,,,,,,,,,,0.150105762,0.146408346,0.152420308,0.158604682,0.160167216,0.151763825,0.141452367,0.154626432,0.156192934,0.159413227,0.164451153,0.155668733,0.150186636,0.153889157,0.149611183,0.154522638,0.154695495,0.154462861,0.156879922,0.155638235,0.145957461,0.14380716,0.14331577,0.139443544,0.145381225,0.159972791,0.167047216,0.17339023,0.174157938,0.18038728,0.180353041,0.18910678,0.19084833,0.202869879,0.207314517,0.212809251,0.220430117,0.230699813,0.239637605,0.252869539,0.265715734,0.276434987,0.287335986,0.301898342,0.315814537,0.324374894,0.347799686,0.365855658,0.371304889,0.374519279,0.352686565,0.373357605,0.375002439,0.371320512,
Low income,LIC,Carbon dioxide (CO2) emissions excluding LULUCF per capita (t CO2e/capita),EN.GHG.CO2.PC.CE.AR5,,,,,,,,,,,0.701424382,0.686332093,0.689462692,0.692390068,0.709046082,0.712908981,0.73696379,0.758741929,0.764989221,0.813297243,0.830196872,0.840323844,0.862663258,0.890169004,0.89889476,0.892682722,0.8676958,0.854549215,0.853170882,0.827429341,0.805360822,0.779766534,0.694724353,0.638200922,0.61048097,0.581632872,0.545154287,0.529623627,0.480924053,0.491843022,0.504812514,0.507746256,0.488403665,0.493683426,0.496236924,0.53403388,0.542352885,0.515682866,0.533517776,0.519302797,0.506707437,0.450271251,0.408659448,0.35772146,0.353402592,0.304141419,0.303520026,0.378415836,0.36503974,0.370301349,0.341181272,0.325531797,0.319975878,0.319740521,
Liechtenstein,LIE,Carbon dioxide (CO2) emissions excluding LULUCF per capita (t CO2e/capita),EN.GHG.CO2.PC.CE.AR5,,,,,,,,,,,,,,,,,,,,,,,,,,,,,,,,,,,,,,,,,,,,,,,,,,,,,,,,,,,,,,,,,
Sri Lanka,LKA,Carbon dioxide (CO2) emissions excluding LULUCF per capita (t CO2e/capita),EN.GHG.CO2.PC.CE.AR5,,,,,,,,,,,0.253908364,0.250957822,0.295264226,0.302030884,0.255266674,0.220392909,0.221290925,0.234530073,0.272010146,0.288704488,0.28332485,0.287103857,0.322852083,0.327368084,0.286098954,0.258540928,0.252751592,0.286449799,0.272989829,0.256927431,0.259123124,0.268510164,0.329171785,0.316828731,0.360111238,0.355356174,0.491973814,0.481472145,0.487900545,0.529228945,0.594244955,0.580208672,0.600679035,0.644427059,0.660944896,0.713678573,0.648203301,0.689148176,0.644866753,0.61551514,0.647384567,0.757126168,0.845222395,0.720699538,0.860482241,0.939833095,1.107261068,1.091124784,1.014300877,1.099454204,1.010967654,1.025595775,0.900779947,0.931070472,
Lower middle income,LMC,Carbon dioxide (CO2) emissions excluding LULUCF per capita (t CO2e/capita),EN.GHG.CO2.PC.CE.AR5,,,,,,,,,,,0.465792013,0.470067092,0.491134655,0.509332357,0.536918553,0.531583511,0.544118664,0.53798352,0.535968485,0.573925279,0.573282541,0.575757202,0.578981703,0.595859617,0.613254267,0.623517025,0.642537188,0.668510237,0.683197763,0.700013057,0.710339073,0.727845386,0.731948619,0.740072588,0.745826759,0.778333951,0.805793452,0.827087707,0.834572872,0.860190325,0.870841614,0.878693054,0.886060684,0.893850646,0.938845086,0.958911713,0.986836244,1.03677251,1.068669939,1.113320076,1.160903128,1.2003078,1.258326708,1.275190476,1.337708831,1.349426373,1.381991629,1.437243415,1.488092066,1.47940907,1.375411314,1.466855281,1.506503162,1.573586554,
Low & middle income,LMY,Carbon dioxide (CO2) emissions excluding LULUCF per capita (t CO2e/capita),EN.GHG.CO2.PC.CE.AR5,,,,,,,,,,,1.23229784,1.211315563,1.254378659,1.309413889,1.335819943,1.396958511,1.443792518,1.497251859,1.565836676,1.594562521,1.57577855,1.540851041,1.554345037,1.566363379,1.606812573,1.608571549,1.638954352,1.688803207,1.723957512,1.738111053,1.776808692,1.788348583,1.772081298,1.784494532,1.794115167,1.87144661,1.858586305,1.889473826,1.884375486,1.861160574,1.917948006,1.945885329,2.006023433,2.153881577,2.326408049,2.482204675,2.632563371,2.774619788,2.828957221,2.89347567,3.072789469,3.235144593,3.308487637,3.377460626,3.395089803,3.326464587,3.317116409,3.373769086,3.464543429,3.488797917,3.39358559,3.54707247,3.52715065,3.659434469,
Lesotho,LSO,Carbon dioxide (CO2) emissions excluding LULUCF per capita (t CO2e/capita),EN.GHG.CO2.PC.CE.AR5,,,,,,,,,,,0.072208329,0.069775412,0.067089372,0.067008211,0.069770219,0.07003707,0.070219452,0.070621962,0.069768844,0.078101611,0.074510086,0.06940277,0.062720865,0.066605275,0.062571802,0.066548509,0.07052237,0.096689543,0.060292866,0.078741222,0.060065337,0.073491936,0.06149661,0.058576301,0.062976376,0.063850383,0.065503357,0.065035989,0.063361809,0.065044823,0.176504669,0.181322666,0.192111112,0.195863196,0.206379187,0.209106046,0.215160126,0.273746357,0.22298035,0.259328794,0.262892793,0.272739596,0.287314794,0.286311138,0.288833795,0.281097077,0.30566714,0.326501662,0.31594571,0.33438867,0.34704595,0.349053876,0.372597994,0.379974319,
Late-demographic dividend,LTE,Carbon dioxide (CO2) emissions excluding LULUCF per capita (t CO2e/capita),EN.GHG.CO2.PC.CE.AR5,,,,,,,,,,,2.647469546,2.610018637,2.690811808,2.792889094,2.830913915,2.992932403,3.082168745,3.20094145,3.423355214,3.439226384,3.423588131,3.31538365,3.317891429,3.349394342,3.439619875,3.441821683,3.52334313,3.620519543,3.70728045,3.71335698,3.740948307,3.73750518,3.614077774,3.571331552,3.509784184,3.631055172,3.589608661,3.552269873,3.541916701,3.500856275,3.609771504,3.697631367,3.835792988,4.190242622,4.564230378,4.930260045,5.28095595,5.568641426,5.690768689,5.816540617,6.265682134,6.690435902,6.813483819,7.004662413,7.00504499,6.899789195,6.868200485,6.967528183,7.21417056,7.358450671,7.336072172,7.697420155,7.66328778,8.010923559,
Lithuania,LTU,Carbon dioxide (CO2) emissions excluding LULUCF per capita (t CO2e/capita),EN.GHG.CO2.PC.CE.AR5,,,,,,,,,,,6.347029913,6.289003508,6.629933452,7.056599633,7.480052806,7.907071975,8.189892401,8.413441763,8.679916698,8.923722763,9.25351034,9.295366343,9.262754402,9.234900115,9.326291437,9.237044098,9.295948436,9.295350831,9.191832996,8.988954348,9.497928249,9.982333253,5.64509634,4.4037481,4.302182249,4.165272842,4.330393077,4.21402033,4.486451109,3.782633295,3.330698698,3.569907728,3.621712851,3.657604958,3.868643723,4.200656849,4.340426599,4.817079473,4.949079663,4.175703686,4.532683818,4.728354108,4.84698102,4.512081047,4.49695685,4.691545387,4.697592382,4.911246205,4.971587684,5.084826557,5.070935525,5.102229755,4.64398887,4.567024831,
Luxembourg,LUX,Carbon dioxide (CO2) emissions excluding LULUCF per capita (t CO2e/capita),EN.GHG.CO2.PC.CE.AR5,,,,,,,,,,,58.02412352,53.39100114,51.67888055,55.19988586,50.15828757,39.25282073,41.64571384,39.53973622,42.7414387,40.38489098,37.54524235,31.98740502,29.88660146,27.76255258,30.58322723,30.8587806,29.99171994,28.17316251,29.22988352,31.06815168,31.36938588,32.19354005,31.03894945,31.18485439,28.47204815,22.21670236,22.08413302,20.38002146,18.38050389,18.96997503,20.17121247,21.14059227,22.4846753,23.14748799,25.933922,26.04297894,25.26674805,23.62846958,22.94587128,21.31390586,22.11901301,21.39474136,20.46837155,18.99919022,17.65138347,16.34345967,15.53450604,15.4077567,15.57496505,15.51384595,12.60415692,13.00682432,11.12075737,10.51498282,
Latvia,LVA,Carbon dioxide (CO2) emissions excluding LULUCF per capita (t CO2e/capita),EN.GHG.CO2.PC.CE.AR5,,,,,,,,,,,4.806660325,4.778005621,5.041837913,5.394071327,5.721147258,6.075899891,6.291731772,6.450434253,6.676392088,6.858867664,7.108051476,7.167837372,7.284755914,7.328640764,7.310326469,7.278760916,7.355690159,7.376846648,7.286369286,7.118567805,7.366574408,6.787342096,5.471480734,4.701028756,4.160044939,3.716053079,3.764332242,3.622827703,3.492420599,3.290340609,3.053705307,3.280548698,3.317673611,3.459115236,3.515851112,3.586253165,3.848839479,4.050356197,3.893406671,3.618999948,4.232832989,3.996583983,3.945103988,3.86431401,3.797707071,3.866495881,3.816462766,3.825618562,4.206106973,4.104038934,3.800575548,3.941172413,3.542598821,3.489369862,
"Macao SAR, China",MAC,Carbon dioxide (CO2) emissions excluding LULUCF per capita (t CO2e/capita),EN.GHG.CO2.PC.CE.AR5,,,,,,,,,,,1.180282522,1.227970897,1.320954907,1.601317957,1.980877157,1.654072208,1.648132428,1.759175789,1.749569707,1.856717687,1.961610682,1.841503268,1.855487925,2.412551058,2.22874315,1.975491888,2.398581321,2.855140948,2.707594937,2.698554291,2.838035528,2.756433954,2.961714748,3.185416667,3.372227823,2.967016858,3.396049145,3.588545411,3.908358987,4.079550772,3.432652113,3.643235769,3.955063869,3.957844905,4.473718936,4.322914467,4.076568451,3.699942407,2.954318476,3.165607477,3.203165736,3.072780204,3.069026237,3.066565298,3.360141547,4.291180588,4.024061303,4.923658236,3.802549704,4.026785714,4.188065363,4.107985348,4.311678724,4.437831467,
St. Martin (French part),MAF,Carbon dioxide (CO2) emissions excluding LULUCF per capita (t CO2e/capita),EN.GHG.CO2.PC.CE.AR5,,,,,,,,,,,,,,,,,,,,,,,,,,,,,,,,,,,,,,,,,,,,,,,,,,,,,,,,,,,,,,,,,
Morocco,MAR,Carbon dioxide (CO2) emissions excluding LULUCF per capita (t CO2e/capita),EN.GHG.CO2.PC.CE.AR5,,,,,,,,,,,0.458073523,0.447858519,0.487262171,0.560691484,0.604200757,0.632431656,0.677323132,0.728802544,0.75957718,0.802887212,0.805747478,0.789521311,0.804188317,0.82397087,0.811557848,0.825347689,0.829417433,0.83283914,0.861095693,0.913284678,0.921111486,0.949098218,1.000116292,1.013926206,1.081446579,1.108436853,1.078453619,1.119032186,1.129367806,1.171734051,1.180592705,1.283423848,1.310405299,1.288041171,1.429318408,1.470577384,1.474334197,1.475152621,1.564744031,1.527908563,1.60244785,1.709479668,1.754884637,1.730734062,1.737988082,1.766401634,1.741575653,1.801215763,1.818725907,1.984316987,1.846873383,1.978825712,1.883168032,1.852382916,
Monaco,MCO,Carbon dioxide (CO2) emissions excluding LULUCF per capita (t CO2e/capita),EN.GHG.CO2.PC.CE.AR5,,,,,,,,,,,,,,,,,,,,,,,,,,,,,,,,,,,,,,,,,,,,,,,,,,,,,,,,,,,,,,,,,
Moldova,MDA,Carbon dioxide (CO2) emissions excluding LULUCF per capita (t CO2e/capita),EN.GHG.CO2.PC.CE.AR5,,,,,,,,,,,7.913594985,7.846465776,8.219444916,8.664876379,9.050124421,9.601409896,9.812242754,9.92560631,10.18646486,10.33065167,10.64590621,10.51697249,10.52813487,10.5025532,10.48006075,10.44290577,10.61439299,10.74273413,10.6954784,10.55959198,10.68446616,8.603633124,6.845903927,5.834307247,4.74685219,4.151225789,3.583016687,3.279715762,2.993124552,2.541985967,2.356677749,2.459995854,2.509595948,2.710045956,2.723907925,2.882811783,2.814784064,2.791219703,2.762203307,2.724195374,2.970317438,2.982522803,2.919354591,2.619810474,2.812673319,2.925340041,3.003760721,3.013368593,3.272307248,3.418030916,3.356494746,3.716375126,3.739973915,4.039494129,
Madagascar,MDG,Carbon dioxide (CO2) emissions excluding LULUCF per capita (t CO2e/capita),EN.GHG.CO2.PC.CE.AR5,,,,,,,,,,,0.115167814,0.112027193,0.111429976,0.100081668,0.095888984,0.103419725,0.093382949,0.093380879,0.098774591,0.103369571,0.110736893,0.086313078,0.077466571,0.068088693,0.085183851,0.075576466,0.069396472,0.073194415,0.065684726,0.066236662,0.075300861,0.078131214,0.076791656,0.0772125,0.092207568,0.100674138,0.093648065,0.099454239,0.10745438,0.106715375,0.102571163,0.100411327,0.066439076,0.085735531,0.090070151,0.093320843,0.086883985,0.088751268,0.089366961,0.082414114,0.088719733,0.100520105,0.121483539,0.126465773,0.126520593,0.13442168,0.124548122,0.132598562,0.122804477,0.141756315,0.107354689,0.137485723,0.13108604,0.131398543,
Maldives,MDV,Carbon dioxide (CO2) emissions excluding LULUCF per capita (t CO2e/capita),EN.GHG.CO2.PC.CE.AR5,,,,,,,,,,,0.080344752,0.077931279,0.080935801,0.09336653,0.110808905,0.090110228,0.086764955,0.08885671,0.085809976,0.089797955,0.094033427,0.090838308,0.087189459,0.084297262,0.278504653,0.298155851,0.287912255,0.316263288,0.373663371,0.349043346,0.423559143,0.426225831,0.454425408,0.523104817,1.09798981,1.319701226,1.314671027,1.147149682,1.274919974,1.253009964,2.254458033,1.960476624,2.335262811,1.947445285,2.451121883,2.234449089,2.66495885,2.705259817,2.843204331,2.825640658,2.920242134,3.062027329,3.72810986,4.052290849,5.301764676,3.709646529,3.910824979,4.004477544,4.501806176,5.065907232,5.003007261,5.103515617,5.305796919,5.468313327,
"Middle East, North Africa, Afghanistan & Pakistan",MEA,Carbon dioxide (CO2) emissions excluding LULUCF per capita (t CO2e/capita),EN.GHG.CO2.PC.CE.AR5,,,,,,,,,,,1.83974584,1.903375377,2.058657947,2.312418064,2.253209066,2.21919973,2.495218384,2.512249922,2.552098162,2.577965832,2.530217637,2.348608618,2.448132884,2.507021264,2.416601946,2.456074565,2.43913304,2.496906222,2.529772912,2.585538259,2.578632294,2.621998708,2.713849569,2.796139508,2.928491699,2.948297406,2.968319972,3.02674892,2.983917388,3.027442484,3.079803538,3.159288569,3.190207667,3.229910313,3.347761381,3.480428193,3.596440385,3.691535831,3.797405019,3.832138241,3.910901087,3.913207867,4.031228752,4.02284549,4.080788458,4.068654383,4.067929573,4.09936922,3.985530744,3.998732803,3.853275608,3.963263098,3.960052893,3.927770705,
Mexico,MEX,Carbon dioxide (CO2) emissions excluding LULUCF per capita (t CO2e/capita),EN.GHG.CO2.PC.CE.AR5,,,,,,,,,,,2.379047758,2.314161045,2.468598654,2.577837281,2.761897915,2.824825711,2.931286985,2.950198138,3.220610698,3.320071109,3.581472567,3.762534019,3.943097338,3.632088318,3.606828676,3.655943745,3.525119207,3.600868432,3.513475555,3.609955358,3.497414941,3.641646535,3.616395964,3.654569162,3.87802244,3.590475296,3.697943842,3.836350452,4.017545547,3.841490852,4.022424128,3.94369284,3.948182498,4.085240499,4.123198267,4.227225614,4.3253701,4.328612919,4.278766446,4.120959373,4.197385594,4.221660945,4.333449457,4.174393146,4.014016499,4.049650297,4.059954315,4.05637657,3.821488468,3.858565472,3.373961292,3.547866593,3.622837319,3.754391898,
Marshall Islands,MHL,Carbon dioxide (CO2) emissions excluding LULUCF per capita (t CO2e/capita),EN.GHG.CO2.PC.CE.AR5,,,,,,,,,,,0,0,0,0,0,0,0,0,0,0,0,0,0,0,0,0,0,0,0,0,0,0,0,0,0,0,0,0,0,0,0,0,0,0,0,0,0,0.001921783,0.005765904,0.009611873,0.009607255,0.00770609,0.005834419,0.003946252,0.002008193,0,0,0,0,0,0,0,0,0,
Middle income,MIC,Carbon dioxide (CO2) emissions excluding LULUCF per capita (t CO2e/capita),EN.GHG.CO2.PC.CE.AR5,,,,,,,,,,,1.263208822,1.241932413,1.287382159,1.345554745,1.372672296,1.437356606,1.485741606,1.541327168,1.614043235,1.642039236,1.621285128,1.583493722,1.596434176,1.607739524,1.650409517,1.652916524,1.686953551,1.740954821,1.778641367,1.795629226,1.838449504,1.852574754,1.841324529,1.859195229,1.872135195,1.957402063,1.947202027,1.98227855,1.981298827,1.956915388,2.017853318,2.048724891,2.116171893,2.276282627,2.463300481,2.630126726,2.793910278,2.951857855,3.011856841,3.08558435,3.283574077,3.467280652,3.553497667,3.635664218,3.658359353,3.591619772,3.585662044,3.645366002,3.750671961,3.782037708,3.686061364,3.861641156,3.846323685,3.998265859,
North Macedonia,MKD,Carbon dioxide (CO2) emissions excluding LULUCF per capita (t CO2e/capita),EN.GHG.CO2.PC.CE.AR5,,,,,,,,,,,5.468847644,5.047551584,5.016027181,5.722106002,5.790533423,4.555187734,4.718182963,4.79446215,4.574148854,5.120630593,4.634104451,4.951443673,4.204691767,3.888145043,4.530151008,4.780296783,4.897388889,4.685780999,4.731008922,4.841293431,5.422280198,4.814362299,4.3316115,4.505011326,4.401540449,4.361396904,5.104660598,4.632902809,5.064499884,4.643351831,4.459841587,4.531564975,4.30154686,4.667861425,4.563517453,4.818608409,4.837317798,5.225138721,5.144426077,4.656618245,4.7140777,5.287400937,4.985021927,4.575090653,4.355229075,4.15047871,3.999762893,4.205814952,3.995657079,4.628031693,4.087011428,4.166208521,4.577138764,4.794629219,
Mali,MLI,Carbon dioxide (CO2) emissions excluding LULUCF per capita (t CO2e/capita),EN.GHG.CO2.PC.CE.AR5,,,,,,,,,,,0.039337386,0.038507707,0.038249611,0.039229323,0.040697283,0.041888119,0.041747001,0.042095739,0.041855409,0.046303415,0.044153687,0.055077718,0.038434166,0.040475953,0.038666769,0.040909109,0.032316381,0.050200641,0.027043254,0.044744753,0.034710306,0.042369406,0.037923115,0.03622837,0.035406732,0.035580463,0.038002252,0.037157769,0.037483151,0.037515314,0.069416028,0.069525606,0.070654009,0.07014609,0.069735268,0.06985927,0.081886249,0.09334078,0.104981118,0.130406849,0.125203839,0.132703473,0.135802059,0.158840845,0.161945436,0.188473934,0.236576084,0.255735991,0.265497116,0.296429654,0.298367364,0.294729959,0.296676063,0.280224848,
Malta,MLT,Carbon dioxide (CO2) emissions excluding LULUCF per capita (t CO2e/capita),EN.GHG.CO2.PC.CE.AR5,,,,,,,,,,,2.256401784,2.256029072,2.830550504,2.720714758,2.492748248,2.227649545,2.500866653,2.635110923,3.038216273,2.93194018,3.223799523,3.622774953,4.059245531,2.967409326,4.047272628,3.474789866,5.505069844,5.731744488,6.182969841,6.638306123,6.555608888,6.095727576,5.918371788,7.575651481,6.710565986,6.321091413,6.136007686,6.47037156,6.186816581,6.237712151,5.472625337,6.347639354,5.869398867,6.556743656,6.496157182,6.524215395,6.562663456,6.697170563,6.674743941,6.105552552,6.260916556,6.203455466,6.487424648,5.608625032,5.465752824,3.764125884,3.00392735,3.335645442,3.238872253,3.319825684,3.143222953,3.140596352,3.312854327,3.047687278,
Myanmar,MMR,Carbon dioxide (CO2) emissions excluding LULUCF per capita (t CO2e/capita),EN.GHG.CO2.PC.CE.AR5,,,,,,,,,,,0.173809334,0.170804567,0.163206948,0.126805306,0.143799445,0.138259606,0.145171411,0.152679079,0.155249859,0.158596539,0.164560942,0.160044146,0.162723826,0.154675201,0.165777546,0.171404026,0.17633985,0.131029527,0.121269108,0.120110822,0.111318584,0.106233194,0.111097973,0.122575958,0.14504528,0.173682462,0.180313411,0.177229765,0.190364215,0.20640254,0.221709286,0.191692848,0.191284718,0.234800928,0.225839756,0.236951674,0.218722831,0.226840317,0.172648545,0.159971775,0.176010378,0.185609741,0.251965159,0.282921767,0.350014366,0.38628821,0.446004264,0.650061476,0.640911802,0.652954682,0.654628004,0.596140244,0.602575076,0.616406039,
"Middle East, North Africa, Afghanistan & Pakistan (excluding high income)",MNA,Carbon dioxide (CO2) emissions excluding LULUCF per capita (t CO2e/capita),EN.GHG.CO2.PC.CE.AR5,,,,,,,,,,,1.188130006,1.162624659,1.224322042,1.35144411,1.337815206,1.355439528,1.533439801,1.551985557,1.557952511,1.577255836,1.467750009,1.381071195,1.497559719,1.589798246,1.604441371,1.663183089,1.648716461,1.683170396,1.675154579,1.71155316,1.77296514,1.785608779,1.89915683,1.945543352,2.029745877,2.06130081,2.056898111,2.108553122,2.03011194,2.064979997,2.107546923,2.158566228,2.154750693,2.16884758,2.266095317,2.365039498,2.436441104,2.499067036,2.522539583,2.548117682,2.538913569,2.498417564,2.563578568,2.55762275,2.576203178,2.531913279,2.558421258,2.644816683,2.603461482,2.613469705,2.52084209,2.608291013,2.594666615,2.557474312,
Montenegro,MNE,Carbon dioxide (CO2) emissions excluding LULUCF per capita (t CO2e/capita),EN.GHG.CO2.PC.CE.AR5,,,,,,,,,,,,,,,,,,,,,,,,,,,,,,,,,,,,,,,,,,,,,,,,,,,,,,,,,,,,,,,,,
Mongolia,MNG,Carbon dioxide (CO2) emissions excluding LULUCF per capita (t CO2e/capita),EN.GHG.CO2.PC.CE.AR5,,,,,,,,,,,4.308438691,4.195039212,3.754697945,3.925074457,4.243006812,4.241159017,4.249695648,4.705994309,4.941128815,5.124411454,5.491099636,5.02272992,5.285756854,5.29579704,5.506871986,6.20750096,6.627159792,6.856486059,7.083101754,6.574992291,6.264705462,6.861825984,5.977193363,5.513387187,4.753002542,4.649013796,3.869295382,3.739194938,3.69918526,3.671822924,3.785916253,3.72751371,3.943606992,3.774551741,3.817953351,4.387702762,4.95378565,5.077271941,4.996176984,5.175735708,5.442700745,5.827011069,6.218533263,6.615325019,6.59056877,5.954545695,6.188019124,6.691792766,7.154410167,7.751999665,6.765560513,7.343499399,7.540011672,8.076968928,
Northern Mariana Islands,MNP,Carbon dioxide (CO2) emissions excluding LULUCF per capita (t CO2e/capita),EN.GHG.CO2.PC.CE.AR5,,,,,,,,,,,0,0,0,0,0,0,0,0,0,0,0,0,0,0,0,0,0,0,0,0,0,0,0,0,0,0,0,0,0,0,0,0,0,0,0,0,0,0,0,0,0,0,0,0,0,0,0,0,0,0,0,0,0,0,
Mozambique,MOZ,Carbon dioxide (CO2) emissions excluding LULUCF per capita (t CO2e/capita),EN.GHG.CO2.PC.CE.AR5,,,,,,,,,,,0.382776523,0.374926815,0.335398804,0.346517327,0.317255359,0.26523934,0.260276234,0.244137516,0.205231559,0.186674735,0.219623453,0.189546674,0.170994311,0.152702268,0.126145323,0.125604144,0.120667992,0.120116289,0.120947852,0.118634752,0.088716386,0.07296236,0.085306181,0.096148426,0.076168099,0.078781845,0.073566862,0.079138727,0.074755785,0.072728273,0.086642585,0.102299478,0.10481404,0.130225771,0.140123797,0.131275872,0.13598827,0.152370144,0.144323516,0.151957786,0.156805215,0.17968172,0.193172395,0.204254329,0.224530532,0.243250117,0.304761605,0.295085707,0.277552597,0.288692621,0.259224951,0.292940538,0.307083674,0.289580903,
Mauritania,MRT,Carbon dioxide (CO2) emissions excluding LULUCF per capita (t CO2e/capita),EN.GHG.CO2.PC.CE.AR5,,,,,,,,,,,0.302871597,0.295227494,0.288268549,0.290072252,0.301728448,0.305167811,0.305853409,0.306921127,0.303723739,0.334459832,0.323192743,0.289608188,0.263070916,0.27745518,0.376913974,0.363431911,0.220739967,0.391622028,0.450411373,0.467145337,0.361754167,0.44378919,1.092458103,1.03944759,1.044386771,1.056869392,1.027907868,0.994772128,0.986563358,0.978479741,0.408159205,0.434380086,0.472020024,0.482683011,0.518011172,0.523943208,0.565524976,0.607068924,0.663311834,0.640198901,0.623863708,0.652104838,0.706735554,0.626995344,0.698815179,0.690047477,0.636853056,0.887711965,0.90631293,0.966782073,0.980146,0.969719574,0.980302676,0.925904356,
Mauritius,MUS,Carbon dioxide (CO2) emissions excluding LULUCF per capita (t CO2e/capita),EN.GHG.CO2.PC.CE.AR5,,,,,,,,,,,0.370096852,0.364381636,0.393168031,0.431651016,0.503962225,0.516704036,0.561716567,0.641429857,0.663096586,0.655972072,0.602046087,0.61328231,0.557771574,0.628736806,0.668529896,0.62261888,0.765490684,0.80350783,0.883690123,0.9887183,1.120256901,1.18708807,1.237780571,1.348674199,1.369821161,1.391055515,1.442421314,1.430482355,1.552626159,1.879062375,2.058012947,2.159013681,2.188572173,2.275068611,2.280174578,2.424824181,2.69149981,2.753563563,2.802701666,2.755427363,2.938819578,2.918866436,2.980216294,3.064673329,3.163554307,3.168553757,3.225170861,3.332708772,3.30442162,3.327369598,2.965764992,3.153907263,3.207149494,3.341366379,
Malawi,MWI,Carbon dioxide (CO2) emissions excluding LULUCF per capita (t CO2e/capita),EN.GHG.CO2.PC.CE.AR5,,,,,,,,,,,0.074580099,0.072041409,0.075002949,0.078318316,0.079920845,0.088626343,0.082283374,0.079697481,0.078277051,0.07588639,0.081924447,0.077051108,0.063358558,0.055178114,0.049012589,0.049471767,0.046063482,0.058397424,0.048941755,0.053104655,0.160918062,0.179242108,0.190358654,0.190265989,0.200543164,0.205485316,0.215335288,0.23812646,0.247125975,0.247741542,0.274276768,0.272792563,0.263197323,0.258735037,0.251705159,0.277935466,0.287391918,0.300338611,0.306709509,0.288910895,0.302749213,0.376455402,0.362422235,0.311388275,0.299105895,0.286773876,0.278765962,0.298413805,0.298077281,0.293554757,0.268727864,0.310621034,0.289167128,0.305513303,
Malaysia,MYS,Carbon dioxide (CO2) emissions excluding LULUCF per capita (t CO2e/capita),EN.GHG.CO2.PC.CE.AR5,,,,,,,,,,,2.641037717,2.616963879,1.341390028,1.354317235,1.593844284,1.6774533,1.807857416,1.753606122,2.205325581,2.471194253,2.494854376,2.4694827,2.587459168,2.87322324,2.924417215,2.800536157,2.7892596,2.752099515,2.852350222,3.270477032,3.612498304,4.105413537,4.209514291,4.114251534,4.417887468,4.472986753,4.960660356,5.298556487,5.051752858,5.335046449,5.694037256,5.883041525,6.080511974,6.344348665,6.71601264,7.011580824,7.107708638,7.590838105,7.841049597,7.039383564,7.522902189,7.486743297,7.41258985,7.862517944,8.192060128,8.098172953,7.787692769,7.351561292,7.728767131,7.631655249,7.477034667,7.552400286,7.907148055,8.065851403,
North America,NAC,Carbon dioxide (CO2) emissions excluding LULUCF per capita (t CO2e/capita),EN.GHG.CO2.PC.CE.AR5,,,,,,,,,,,21.87594373,21.01155709,21.94099878,22.60146707,21.70496359,20.55452795,21.65102183,22.16337378,21.90284595,21.86951372,20.77504482,20.21374215,18.99646952,18.73603572,19.4341722,19.36108825,19.00296981,19.45916771,20.20296627,20.26198555,19.55692797,19.11920291,19.17806555,19.33946963,19.44694982,19.44183321,19.78419397,20.50592565,20.45005994,20.30908774,20.68381481,20.28882574,19.6872576,19.78463503,19.82741333,19.73506711,19.22570548,19.35241053,18.56632828,17.08064916,17.71355077,16.99375711,16.1993748,16.48463217,16.41928586,15.96994005,15.54773289,15.28862992,15.67573841,15.15201202,13.56080657,14.35496619,14.37540345,13.94704961,
Namibia,NAM,Carbon dioxide (CO2) emissions excluding LULUCF per capita (t CO2e/capita),EN.GHG.CO2.PC.CE.AR5,,,,,,,,,,,0.976159437,0.948264376,0.910493424,0.913951513,0.953623935,0.952065305,0.956576796,0.96380211,0.960973071,1.090333134,1.050605543,0.994458438,0.906357269,0.96336328,0.903574052,0.963633546,1.02229637,1.515469364,1.491283761,1.234651231,0.910025027,0.797211807,0.840266553,0.943927111,1.056734417,1.112491184,1.186924512,1.19649741,1.20387016,1.117392342,1.071400882,1.327806282,1.131129066,1.196580483,1.252212831,1.317971994,1.283104271,1.302982265,1.470990535,1.483445124,1.509187316,1.571337053,1.617749313,1.68319047,1.7022333,1.741355347,1.745768,1.669543448,1.635182497,1.598343554,1.420827467,1.406878659,1.472421342,1.47298686,
New Caledonia,NCL,Carbon dioxide (CO2) emissions excluding LULUCF per capita (t CO2e/capita),EN.GHG.CO2.PC.CE.AR5,,,,,,,,,,,9.578554574,9.146479906,9.365385096,10.58406657,12.2995466,9.948203867,9.522066844,9.950967849,9.86939177,10.47309157,11.15627733,10.64705067,7.298645107,6.522454404,6.814821396,8.934433391,8.425517809,9.076365832,8.709688906,9.297850944,8.958607245,9.496352862,9.361429984,9.400231587,9.594405308,8.56926125,9.394051718,8.513075014,8.255196289,7.701565482,9.749527114,9.606204465,10.45875747,11.08425794,9.705545314,10.65385607,10.5874844,10.86409413,10.38944154,10.33469388,13.16107377,13.10070045,12.89460412,13.94578466,16.76208289,15.89091988,16.96651295,16.51266461,21.73653898,21.94523388,22.71479646,19.66137707,20.48529724,21.41856694,
Niger,NER,Carbon dioxide (CO2) emissions excluding LULUCF per capita (t CO2e/capita),EN.GHG.CO2.PC.CE.AR5,,,,,,,,,,,0.045459677,0.043486226,0.046443873,0.053137589,0.048425561,0.054673493,0.057786312,0.062565439,0.066800025,0.069649249,0.083866107,0.095381118,0.096963916,0.103493344,0.084298472,0.084231737,0.106586715,0.10260344,0.102800347,0.10226789,0.075102048,0.069463782,0.063860676,0.075136343,0.060979386,0.0568324,0.06373414,0.06221128,0.064870423,0.061435167,0.060948962,0.059258529,0.059396829,0.062264671,0.0627778,0.058068396,0.056186386,0.058803224,0.059250425,0.071137928,0.087123958,0.085804362,0.115239481,0.109995206,0.114592549,0.108814174,0.104820936,0.092468335,0.094735599,0.103408799,0.101595384,0.116675523,0.114767822,0.10790957,
Nigeria,NGA,Carbon dioxide (CO2) emissions excluding LULUCF per capita (t CO2e/capita),EN.GHG.CO2.PC.CE.AR5,,,,,,,,,,,0.515525522,0.744502932,0.942253463,1.105296867,1.361371033,1.008949341,1.151867811,0.988082176,1.002549789,1.390063549,1.214217256,0.96330784,0.891327607,0.869670726,0.851483445,0.862058273,0.819743438,0.755727237,0.836644476,0.840792843,0.77333798,0.815718691,0.870388679,0.824285527,0.749486866,0.801761041,0.91097887,0.863442933,0.762153984,0.731242257,0.79365897,0.821769348,0.725466824,0.784874816,0.737360548,0.710620274,0.62268688,0.551614216,0.583368075,0.501455531,0.568500716,0.609298897,0.583423583,0.644514548,0.663324079,0.616825099,0.617495985,0.594333975,0.609462081,0.619418111,0.570700372,0.599378245,0.583043144,0.561436048,
Nicaragua,NIC,Carbon dioxide (CO2) emissions excluding LULUCF per capita (t CO2e/capita),EN.GHG.CO2.PC.CE.AR5,,,,,,,,,,,0.682936694,0.664926545,0.666737126,0.717478498,0.744306068,0.716272924,0.795667546,0.944049424,0.830110177,0.531770171,0.605490771,0.620951115,0.590273486,0.623434615,0.552263765,0.544074309,0.628571775,0.621251446,0.542806219,0.421962407,0.471825144,0.46360758,0.526207555,0.505059577,0.562436199,0.585470687,0.609390242,0.641429083,0.734470392,0.730397023,0.749786019,0.784146467,0.801295712,0.867555575,0.879532979,0.823626642,0.859757273,0.878076519,0.831493351,0.801735883,0.811806639,0.837954505,0.820532877,0.774000663,0.807979307,0.892523633,0.916766597,0.898288869,0.808208647,0.81979969,0.720290584,0.779067235,0.802908603,0.839042308,
Netherlands,NLD,Carbon dioxide (CO2) emissions excluding LULUCF per capita (t CO2e/capita),EN.GHG.CO2.PC.CE.AR5,,,,,,,,,,,10.29249779,10.20985491,11.29022396,11.66690552,10.98123921,10.24831456,10.95113219,10.72041114,10.99880215,11.5953319,10.96595005,10.82649316,10.0572499,9.700481727,10.08753962,10.33527487,10.43839542,10.66319846,10.59397725,10.74829952,11.02705345,11.34654891,11.13594253,11.27233825,11.2758712,11.49385025,12.09965064,11.54074302,11.51792785,11.14405005,11.10887919,11.31243075,11.26412779,11.36160054,11.47331013,11.16431824,10.87382245,10.92162252,10.94466463,10.57329689,11.20488025,10.43129624,10.2443324,10.08081678,9.593141017,10.00108442,10.03105991,9.81196052,9.460565063,9.101271073,8.135200527,8.345082577,7.512052156,6.873149625,
Norway,NOR,Carbon dioxide (CO2) emissions excluding LULUCF per capita (t CO2e/capita),EN.GHG.CO2.PC.CE.AR5,,,,,,,,,,,9.278663324,8.886383149,9.579674976,9.657674117,9.201361618,8.974517339,9.462211064,9.661988447,9.370284017,10.02235227,9.574899281,8.70199834,7.839190704,7.782567328,8.238281258,8.424217992,8.968136616,8.610489132,8.805298887,8.533438564,8.561058859,7.935412175,8.482710787,8.929100269,9.334842653,9.324589189,9.344798025,9.830137723,10.17774262,10.47053136,9.300691811,9.367574773,9.163054886,9.736344309,9.775888465,9.368326588,9.443156005,9.53568508,9.878818308,9.345052919,9.81428243,9.476593188,9.243484154,9.228480145,9.146910243,9.242133775,9.049675815,8.983927892,8.83931523,8.55355078,8.275175552,8.33924398,8.164717442,7.983413273,
Nepal,NPL,Carbon dioxide (CO2) emissions excluding LULUCF per capita (t CO2e/capita),EN.GHG.CO2.PC.CE.AR5,,,,,,,,,,,0.022579263,0.02217928,0.027369104,0.037234735,0.036179559,0.029587559,0.024926559,0.027339487,0.025404835,0.036074965,0.039316908,0.03368834,0.036869584,0.049565229,0.051962975,0.038740813,0.050122777,0.052212254,0.051248317,0.04027221,0.055740015,0.066907893,0.068462885,0.073564131,0.087335183,0.092670682,0.096223431,0.104110935,0.108296509,0.138282797,0.139298831,0.146508074,0.11781761,0.131886485,0.11249332,0.124506556,0.102098875,0.104205194,0.114301436,0.149552672,0.174991164,0.195175633,0.226065706,0.228191407,0.265672944,0.26313965,0.385015994,0.4712034,0.530230232,0.473719634,0.56808237,0.562887002,0.579560737,0.603941173,
Nauru,NRU,Carbon dioxide (CO2) emissions excluding LULUCF per capita (t CO2e/capita),EN.GHG.CO2.PC.CE.AR5,,,,,,,,,,,0,0,0,0,0,0,0,0,0,0,0,0,0,0,0,0,0,0,0,0,0,0,0,0,0,0,0,0,0,0,0,0,0,0,0,0,0,0,0,0,0,0,0,0,0,0,0,0,0,0,0,0,0,0,
New Zealand,NZL,Carbon dioxide (CO2) emissions excluding LULUCF per capita (t CO2e/capita),EN.GHG.CO2.PC.CE.AR5,,,,,,,,,,,5.292418259,5.075499474,5.729673887,6.08803566,6.196150412,5.73598002,6.262851632,6.416800205,6.240997052,5.68578321,5.711169649,5.622099907,6.099299769,6.070984278,6.140280747,6.409134304,6.244832579,6.527852431,6.9018091,6.990482541,7.471920235,7.31123573,7.698926862,7.616846761,7.679834254,7.818696575,7.9613612,8.262343638,7.956513761,8.323746447,8.526168442,8.971343899,8.841585412,8.898217124,8.668599388,8.734270302,8.655618219,8.288673706,8.476947275,7.748896016,7.669662353,7.444525547,7.874707924,7.769703519,7.797675191,7.661929969,7.354807917,7.520047366,7.313553442,7.491685411,6.926643354,6.900318901,6.761818217,6.824613918,
OECD members,OED,Carbon dioxide (CO2) emissions excluding LULUCF per capita (t CO2e/capita),EN.GHG.CO2.PC.CE.AR5,,,,,,,,,,,11.24386226,10.97569255,11.35694597,11.83709977,11.45356134,10.94341491,11.48694678,11.60539061,11.6391277,11.80367736,11.34670235,10.96196875,10.48955134,10.35175192,10.60447037,10.60219814,10.49919403,10.65639196,10.88996836,10.94525712,10.75306905,10.66766318,10.56816096,10.55216142,10.64390563,10.69866737,10.93790215,11.08658679,11.00446776,10.96372766,11.15968879,11.05662343,10.90308208,11.01813205,11.04739529,11.00659132,10.87944017,10.92564497,10.56527126,9.858962743,10.21520434,9.982688045,9.784013018,9.767961838,9.536761691,9.434230756,9.331811843,9.268606822,9.238031061,8.914440616,8.118798959,8.542810122,8.363887633,8.011329636,
Oman,OMN,Carbon dioxide (CO2) emissions excluding LULUCF per capita (t CO2e/capita),EN.GHG.CO2.PC.CE.AR5,,,,,,,,,,,11.09358967,10.79400222,10.504387,10.25113044,10.39052836,33.20656751,35.34315043,33.60438389,26.39475111,22.58512131,12.88571862,13.65159081,11.25610417,12.11815222,9.827316473,7.206747744,8.02649462,7.343324033,7.729288265,7.270550307,9.302963683,10.75603047,10.59936912,10.23947964,9.376203866,9.502963413,9.716791397,10.03747626,9.965448648,11.19397188,11.53185334,12.32866869,13.02972864,13.61475356,13.21403963,13.43299176,16.75886106,17.73043381,17.02931892,17.54550578,18.67412816,19.41677016,19.01166754,18.42297934,18.74551992,18.95483638,18.60803662,18.14948486,18.55991363,18.80759472,18.17522488,19.57026716,19.23172381,18.43716387,
Other small states,OSS,Carbon dioxide (CO2) emissions excluding LULUCF per capita (t CO2e/capita),EN.GHG.CO2.PC.CE.AR5,,,,,,,,,,,5.193326878,5.098461223,5.530692389,6.146166083,6.458506084,6.76442973,7.067300286,7.217536441,7.539801473,7.63853854,7.833811927,7.70134264,7.584111706,7.40660171,7.213676679,6.922624077,6.776938781,6.72368688,6.454045021,6.056845295,6.854460128,6.474823783,5.313864207,4.85910673,5.009343674,4.767082278,4.909002799,4.856802519,4.563054217,4.530827104,4.621017947,4.604344715,4.444480706,4.804793048,4.853895084,4.791613692,5.022306329,5.327165895,5.194424638,4.717645913,5.044796405,5.016301044,4.86910958,5.021671986,4.992015858,4.60962417,4.614210579,4.748745759,4.82825673,4.134119634,3.91200286,4.011997727,4.032924367,3.922986173,
Pakistan,PAK,Carbon dioxide (CO2) emissions excluding LULUCF per capita (t CO2e/capita),EN.GHG.CO2.PC.CE.AR5,,,,,,,,,,,0.296637415,0.292375332,0.296164738,0.306104716,0.315519489,0.3392845,0.314050827,0.323713242,0.32914117,0.34313438,0.35264727,0.368237127,0.398278149,0.410690015,0.418789753,0.447147712,0.463850025,0.51857917,0.539958068,0.564807762,0.564951785,0.567280274,0.606190293,0.655609536,0.654444012,0.682529813,0.693942826,0.695197122,0.682751784,0.727643381,0.722280672,0.715435117,0.694198814,0.702938338,0.76719872,0.763118546,0.808545331,0.877730305,0.825057688,0.823380769,0.781107932,0.761781093,0.756405714,0.761674184,0.789553024,0.820351031,0.893837153,0.955178532,0.891393768,0.862094996,0.946681903,0.988583071,0.897331151,0.810127105,
Panama,PAN,Carbon dioxide (CO2) emissions excluding LULUCF per capita (t CO2e/capita),EN.GHG.CO2.PC.CE.AR5,,,,,,,,,,,1.716774505,1.672535042,1.748802761,1.900114985,1.886516352,1.880409077,1.828710673,1.768775154,1.641580637,1.738011835,1.632359898,1.384990556,1.525334617,1.70857634,1.393865115,1.278877194,1.293060753,1.399149424,1.047241471,1.070712449,1.106946904,1.250386223,1.461229608,1.462697971,1.52449143,1.607490686,1.586201414,1.634472511,1.975628854,1.695325802,1.723742172,2.020663051,1.728189678,1.717533381,1.693551984,2.142754086,2.218739778,2.174697235,2.07261627,2.43326962,2.529285235,2.70623703,2.778741325,2.682017677,2.766937446,2.683966177,2.646183278,2.475341614,2.381150039,3.094268779,2.233011224,2.501953213,2.726361937,3.301479178,
Peru,PER,Carbon dioxide (CO2) emissions excluding LULUCF per capita (t CO2e/capita),EN.GHG.CO2.PC.CE.AR5,,,,,,,,,,,1.289963283,1.255876272,1.22406897,1.263818699,1.336404273,1.329187241,1.325294467,1.274043896,1.2484092,1.270337414,1.303431051,1.314273627,1.260246963,1.0429298,1.055551488,0.995057869,1.058083756,1.118275296,1.10691664,0.975428454,0.946755249,0.900062378,0.920007287,0.948646359,0.95411539,1.063160135,1.146531939,1.122451333,1.059612221,1.119378135,1.089696192,0.998950439,1.029704506,0.998894508,1.142351822,1.132899046,1.111596321,1.20469884,1.357601042,1.4523921,1.576063056,1.678015141,1.662026792,1.687431641,1.767954165,1.802252968,1.862576294,1.762385946,1.73484299,1.792318929,1.447017546,1.606613873,1.703078538,1.72558237,
Philippines,PHL,Carbon dioxide (CO2) emissions excluding LULUCF per capita (t CO2e/capita),EN.GHG.CO2.PC.CE.AR5,,,,,,,,,,,0.705963425,0.696124961,0.704674314,0.780597571,0.72732433,0.781188384,0.759059503,0.805863023,0.808025737,0.846083125,0.742598307,0.688162879,0.673246356,0.700903656,0.601723394,0.581111269,0.532759449,0.633495294,0.643568967,0.650131902,0.677384874,0.665281202,0.707203707,0.74452003,0.785660056,0.926987667,0.94996357,1.039721787,0.997089048,0.951436671,0.932441191,0.880483905,0.877841282,0.882266978,0.875840435,0.896020429,0.792682424,0.844793242,0.838628468,0.833016102,0.881750416,0.860716468,0.893216298,0.954798182,1.002138153,1.074529342,1.136202587,1.254372781,1.290932531,1.334754958,1.211622667,1.287227915,1.321805599,1.403835119,
Palau,PLW,Carbon dioxide (CO2) emissions excluding LULUCF per capita (t CO2e/capita),EN.GHG.CO2.PC.CE.AR5,,,,,,,,,,,175.4750176,169.6402755,163.5886502,158.9228808,157.2318121,157.6293955,158.3425941,159.2654691,160.3536977,161.6924698,162.5621384,163.2639897,158.374035,160.464401,173.0599085,136.4479836,145.179692,148.9047021,139.4947081,142.7500836,141.2871092,137.0500833,122.3215961,122.2636208,178.6404293,136.650189,125.2747253,139.0656064,123.0187864,128.0302629,110.6476171,122.1372468,74.04501872,87.39508622,76.78102926,87.55234876,86.64829276,71.68169102,73.53358935,116.190069,114.7368993,131.0819781,202.8651844,103.3714869,71.56082416,67.26505346,64.29735349,67.16258702,69.07488492,71.26081582,71.74010791,74.7342968,78.72627963,81.2094545,
Papua New Guinea,PNG,Carbon dioxide (CO2) emissions excluding LULUCF per capita (t CO2e/capita),EN.GHG.CO2.PC.CE.AR5,,,,,,,,,,,0.450785192,0.440146024,0.458258003,0.538498619,0.645918092,0.521845091,0.503001571,0.519772121,0.504941549,0.531339685,0.560432149,0.543318635,0.524248604,0.507614365,0.517356113,0.560085037,0.487116971,0.606159377,0.557588069,0.539003677,0.555629554,0.551663332,0.602251327,0.593144162,0.570040498,0.533344472,0.527864002,0.534354956,0.642827971,0.507857709,0.53196062,0.625563527,0.693247454,0.739533347,0.761467886,0.800118729,0.787984682,0.758758901,0.710218374,0.66829696,0.554252604,0.568571482,0.527149414,0.551110013,0.649608533,0.683144452,0.738697647,0.708650471,0.719600899,0.742303317,0.607503495,0.555114125,0.569685752,0.572859393,
Poland,POL,Carbon dioxide (CO2) emissions excluding LULUCF per capita (t CO2e/capita),EN.GHG.CO2.PC.CE.AR5,,,,,,,,,,,9.463597873,9.687098693,10.0104914,10.45024762,10.7413933,11.08253402,11.69251637,12.00144714,12.70440376,12.62055384,12.82697408,11.6708549,11.73611799,11.73516223,12.04437151,12.22075441,12.34101963,12.6952381,12.37329405,11.77794762,9.74855882,9.653912482,9.392094869,9.379703416,9.201564542,9.235251159,9.642603879,9.383208028,8.640137705,8.397305337,8.18162355,8.098441344,7.912642422,8.252764002,8.314749204,8.307991692,8.671182842,8.664067369,8.512780034,8.160671519,8.657718463,8.588679555,8.39923607,8.282530931,7.959281522,8.048854417,8.340905303,8.695218248,8.678514013,8.220176358,7.913532738,8.75705916,8.616969824,7.820318898,
Pre-demographic dividend,PRE,Carbon dioxide (CO2) emissions excluding LULUCF per capita (t CO2e/capita),EN.GHG.CO2.PC.CE.AR5,,,,,,,,,,,0.396447094,0.45913738,0.509061959,0.587528614,0.663861492,0.56618971,0.612267908,0.554498689,0.56532002,0.683499164,0.621006624,0.50211274,0.479672226,0.491455139,0.494307507,0.514098026,0.517869191,0.494899701,0.516725184,0.529805118,0.486286371,0.451336882,0.503859868,0.534827824,0.533190755,0.539432032,0.552640092,0.581594638,0.500842529,0.454932559,0.488222629,0.510096824,0.470102571,0.459844462,0.46555925,0.453136072,0.432761401,0.409839988,0.437413072,0.430835899,0.47153302,0.489684329,0.502986685,0.531629111,0.528877613,0.522852975,0.538055906,0.53897754,0.54871297,0.562375863,0.506699899,0.524433948,0.529081603,0.516089913,
Puerto Rico (US),PRI,Carbon dioxide (CO2) emissions excluding LULUCF per capita (t CO2e/capita),EN.GHG.CO2.PC.CE.AR5,,,,,,,,,,,10.83462104,11.49482838,13.79611934,14.97353398,13.90603678,12.70307281,13.69714185,15.1689875,15.16079172,12.76028317,10.34990643,8.773028158,6.592893933,6.643123905,5.90136924,5.111015694,6.279443,5.560788529,6.431075409,6.678847004,5.377099237,5.482761622,5.649764475,5.744383137,5.866705835,5.936896144,5.954806553,6.064190582,6.132208582,6.617753674,6.608924305,6.510780685,5.268089738,6.830515186,6.841765011,6.885581633,4.459249861,4.746926708,4.093897523,3.735633259,3.606880451,3.158904486,3.096793402,3.012094144,3.211030798,3.421931694,3.260888304,3.409661617,4.16234893,3.816039708,3.805929443,3.878339209,3.923249228,4.312171327,
"Korea, Dem. People's Rep.",PRK,Carbon dioxide (CO2) emissions excluding LULUCF per capita (t CO2e/capita),EN.GHG.CO2.PC.CE.AR5,,,,,,,,,,,5.007693055,4.901243266,4.963922222,4.955986615,5.046115841,5.176649301,5.401094329,5.62151921,5.844961052,6.226306714,6.463178325,6.538920654,6.738319899,6.877992345,7.015262392,7.137922043,6.949355013,6.594566435,6.66429435,6.618148968,6.250646251,5.9227096,5.160441326,4.711880642,4.250701361,3.930464738,3.452955846,3.317578815,2.696884688,2.918017283,3.118675766,3.219477112,3.067289626,3.112532887,3.155010507,3.268404033,3.312951408,2.758441269,3.006612095,2.880024272,2.762271875,2.028367024,1.947891077,1.499562703,1.637761617,1.280111514,1.404663479,2.850698333,2.561668406,2.818194066,2.6430967,2.183338445,2.258557107,2.432962513,
Portugal,PRT,Carbon dioxide (CO2) emissions excluding LULUCF per capita (t CO2e/capita),EN.GHG.CO2.PC.CE.AR5,,,,,,,,,,,1.917013107,2.059220552,2.108249531,2.358144815,2.332470716,2.419054552,2.491104458,2.442120737,2.506923338,2.766821943,2.904914363,3.050837031,3.221775402,3.111269333,3.028131,2.876497726,3.283461916,3.294237077,3.40245778,4.254552724,4.411373166,4.566448482,4.941464923,4.831216271,4.961765096,5.283719336,5.094731738,5.318085104,5.726759602,6.351966387,6.259702477,6.143366579,6.516372797,6.020038014,6.1734031,6.472785298,5.99647149,5.83221189,5.626804703,5.548517176,5.050165041,4.882273935,4.748363361,4.618154121,4.597847797,5.008304631,4.908259706,5.369125171,4.985568595,4.537857918,3.974553565,3.779515416,3.785455552,3.419427587,
Paraguay,PRY,Carbon dioxide (CO2) emissions excluding LULUCF per capita (t CO2e/capita),EN.GHG.CO2.PC.CE.AR5,,,,,,,,,,,0.26477914,0.263332756,0.280173336,0.302213656,0.285189675,0.298404546,0.323506,0.449312805,0.526615502,0.491699978,0.489906607,0.460415017,0.443557399,0.420033586,0.448616675,0.435358369,0.451920739,0.488520653,0.536022862,0.521640347,0.540420398,0.514216415,0.600526613,0.667431331,0.758730398,0.840799807,0.810445899,0.877584154,0.899648471,0.882006982,0.713368784,0.72774216,0.75117917,0.765671455,0.765639572,0.697986838,0.744375991,0.700041335,0.810018715,0.827121284,0.909851235,0.933250049,0.913429319,0.938378874,0.976982644,1.078111537,1.198855648,1.332631818,1.35663323,1.304194069,1.202349154,1.340403358,1.209783825,1.205979533,
West Bank and Gaza,PSE,Carbon dioxide (CO2) emissions excluding LULUCF per capita (t CO2e/capita),EN.GHG.CO2.PC.CE.AR5,,,,,,,,,,,,,,,,,,,,,,,,,,,,,,,,,,,,,,,,,,,,,,,,,,,,,,,,,,,,,,,,,
Pacific island small states,PSS,Carbon dioxide (CO2) emissions excluding LULUCF per capita (t CO2e/capita),EN.GHG.CO2.PC.CE.AR5,,,,,,,,,,,2.498525226,2.455470242,2.460691472,2.573715117,2.730588604,2.481190665,2.41469004,2.415591727,2.360395288,2.373378783,2.390826662,2.399767136,2.31340973,2.196769207,2.17268804,1.919350612,1.937269539,1.960071716,1.911508559,2.01046372,2.063069136,1.961331778,1.880436359,1.936002953,2.493334689,2.084308296,2.024822176,2.18336657,2.033293045,2.116429172,2.069164079,2.238947715,1.660976875,1.892726182,1.977622984,1.96043463,1.985220564,1.792329921,1.598847523,1.832610225,2.083821999,1.98716101,2.453353085,1.762199577,1.596876659,1.565910558,1.529868908,1.627928935,1.681583346,1.739859288,1.739341836,1.799204949,1.87470186,1.912075751,
Post-demographic dividend,PST,Carbon dioxide (CO2) emissions excluding LULUCF per capita (t CO2e/capita),EN.GHG.CO2.PC.CE.AR5,,,,,,,,,,,12.32852472,12.03682069,12.4753732,13.03530965,12.64305538,12.11623664,12.7225328,12.87442325,12.94200523,13.16484298,12.66455388,12.27927348,11.75399624,11.64785413,11.94360506,11.94603816,11.87125773,12.05691953,12.38090578,12.45511605,12.38708647,12.23901273,12.04849848,11.95221559,11.94159731,12.02763204,12.2162917,12.38162243,12.31031523,12.32115773,12.5395245,12.47820936,12.31784509,12.47693775,12.49614144,12.44093785,12.26419449,12.31229998,11.89695153,11.04871954,11.47757744,11.22460577,10.96796997,10.98390413,10.70198816,10.52982497,10.38213372,10.26966354,10.29786756,9.943480192,9.039248097,9.490532416,9.279379598,8.875473451,
French Polynesia,PYF,Carbon dioxide (CO2) emissions excluding LULUCF per capita (t CO2e/capita),EN.GHG.CO2.PC.CE.AR5,,,,,,,,,,,1.2411192,1.200559583,1.238042105,1.441654686,1.713604186,1.372673356,1.313407765,1.345625487,1.294773908,1.34724119,1.405372242,2.061842904,2.564718025,3.278020378,4.267605075,3.9903198,4.275888813,4.746152513,4.595963995,4.362286682,4.184496702,4.257644023,4.321253173,4.303988031,3.44430323,3.210905915,3.133190533,3.243264476,3.283510312,3.230837507,2.98955217,3.444532297,3.588336192,3.71090102,3.45349574,3.625721079,3.362928012,3.558051029,3.6128013,3.465179363,3.656589548,3.521181186,3.384672848,3.61594013,3.556969033,3.617930945,3.608808717,3.58852785,3.754266212,3.884831239,3.938984775,4.121990622,4.341638788,4.478546376,
Qatar,QAT,Carbon dioxide (CO2) emissions excluding LULUCF per capita (t CO2e/capita),EN.GHG.CO2.PC.CE.AR5,,,,,,,,,,,126.3515256,139.3007781,150.3112501,152.4422118,117.352646,103.1545366,89.17302872,74.09325965,77.74598028,68.02992229,52.78765408,40.29153168,40.57688172,34.40882718,46.99521096,42.22386184,42.44577979,41.30476946,40.7373366,41.12032064,38.57920145,39.63192504,40.39884426,40.18326471,41.05642305,40.79152287,43.06726223,50.67611262,51.74613291,53.11363265,49.22843645,47.83611756,50.89924846,51.38945214,53.23560903,52.77281054,50.35396693,46.4559261,43.34932562,39.76125348,44.6608553,51.19645289,53.59838787,53.29321351,51.47626694,48.65870184,46.04299441,44.8204115,44.52016364,44.59624726,41.26148651,47.09390757,44.6800608,48.15751467,
Romania,ROU,Carbon dioxide (CO2) emissions excluding LULUCF per capita (t CO2e/capita),EN.GHG.CO2.PC.CE.AR5,,,,,,,,,,,6.264992915,6.229498454,6.442142367,6.97030733,6.998245173,7.469865452,8.113384813,8.408659348,9.034285823,9.203612885,9.042650965,9.023046946,8.923421034,8.978528735,8.841584084,8.761879592,8.972094696,9.248800515,9.386116424,9.278720709,8.091894456,6.608620306,6.069846283,5.759213962,5.637800723,5.880621241,6.036905957,5.514087138,4.842281701,4.147304829,4.340673078,4.717280025,4.758262306,4.994821159,4.921403142,4.900775973,5.229586444,5.127687224,5.130116918,4.206940208,4.116023656,4.457703198,4.368663231,3.979224461,3.967009057,4.051925512,3.99419011,4.175138594,4.261570702,4.189240895,3.929562295,4.204955125,3.988859596,3.713286182,
Russian Federation,RUS,Carbon dioxide (CO2) emissions excluding LULUCF per capita (t CO2e/capita),EN.GHG.CO2.PC.CE.AR5,,,,,,,,,,,10.03030429,9.980364454,10.43969934,11.01153171,11.51376132,12.07766319,12.44447971,12.63459295,13.43707427,13.53102581,13.87893964,13.74537698,13.85743806,14.01243259,14.1540145,14.31613118,14.6781944,15.00372769,15.2602307,15.25138944,16.46461431,16.12951882,14.81659495,13.53068805,12.20366607,11.89675105,11.63763228,10.8497494,10.9101107,11.28219086,11.46780222,11.53790307,11.52928902,12.01005529,12.06970358,12.1188174,12.4164803,12.45756927,12.36010057,11.64024617,12.22859367,12.81348852,12.69193619,12.26790427,12.13378879,12.14773716,11.96120883,12.13513139,12.66482591,13.13010236,12.59110356,13.52657132,14.0403956,14.38891528,
Rwanda,RWA,Carbon dioxide (CO2) emissions excluding LULUCF per capita (t CO2e/capita),EN.GHG.CO2.PC.CE.AR5,,,,,,,,,,,0.017484498,0.017024208,0.018055439,0.01831971,0.017857829,0.020769455,0.026780706,0.025939807,0.028221484,0.027536154,0.063176469,0.074232482,0.073675285,0.079961919,0.072597754,0.073386618,0.071556723,0.070020074,0.078256952,0.076120025,0.074952812,0.066108974,0.064946339,0.062722932,0.070564659,0.082867505,0.070296108,0.062125753,0.061497107,0.063022281,0.082834881,0.08392568,0.097426484,0.082486353,0.077862328,0.081914817,0.080038747,0.070921964,0.069092352,0.0691024,0.070772595,0.072027542,0.078135525,0.084834685,0.084207696,0.094888137,0.101382788,0.107301554,0.116672042,0.118001553,0.11083867,0.125890473,0.118833524,0.117955027,
South Asia,SAS,Carbon dioxide (CO2) emissions excluding LULUCF per capita (t CO2e/capita),EN.GHG.CO2.PC.CE.AR5,,,,,,,,,,,0.344830361,0.338264034,0.345043234,0.337031378,0.351164754,0.365122763,0.380960613,0.379842658,0.36639248,0.385380823,0.39210237,0.419978083,0.432907057,0.450195101,0.482074898,0.491982864,0.522173115,0.547035759,0.567598907,0.594366102,0.61290509,0.643933098,0.655215649,0.670820866,0.699632925,0.73626457,0.756805169,0.781732376,0.786874042,0.825086108,0.839448502,0.841533861,0.857840669,0.870220971,0.921710516,0.947233275,0.994130761,1.065952471,1.118621864,1.204453201,1.262796235,1.324208449,1.428482903,1.451142809,1.544915955,1.545161334,1.565635602,1.63736792,1.711211982,1.676812648,1.52014645,1.657088064,1.763829629,1.878579564,
Saudi Arabia,SAU,Carbon dioxide (CO2) emissions excluding LULUCF per capita (t CO2e/capita),EN.GHG.CO2.PC.CE.AR5,,,,,,,,,,,13.23503075,15.64884932,19.47988106,25.1947718,25.1533433,19.57620317,23.06833311,23.54227227,23.7127692,26.63487793,31.06277996,27.15184413,26.11743947,24.43345396,17.7095314,16.64233047,15.74359525,16.12685338,16.54922312,15.85112112,16.34304577,15.91510387,16.34100235,16.46131071,17.15775794,16.34091327,16.66684621,16.22364694,16.72005809,16.43698728,16.39519458,16.18336807,16.3989211,16.41172214,16.62551323,16.84734208,17.09010387,17.34038235,18.05610705,18.33435229,20.3045213,20.29380277,20.60987293,19.80851147,20.69713694,20.50686431,19.69041808,19.47617865,19.20884231,19.30951241,18.09340366,18.98716957,18.81129406,18.48258528,
Sudan,SDN,Carbon dioxide (CO2) emissions excluding LULUCF per capita (t CO2e/capita),EN.GHG.CO2.PC.CE.AR5,,,,,,,,,,,0.293721551,0.284696121,0.291063371,0.367161035,0.332721608,0.251244277,0.234527564,0.23599066,0.206008244,0.203566392,0.230266831,0.214576899,0.213272879,0.208511144,0.185076347,0.214077535,0.204793536,0.154943969,0.218653882,0.192923151,0.251790513,0.219917727,0.204109894,0.142611029,0.204371595,0.186303233,0.179549174,0.212338683,0.18599721,0.200618394,0.21568663,0.22961226,0.273621222,0.274722049,0.300105015,0.347605581,0.415066874,0.439486652,0.45726889,0.460682922,0.477483749,0.449245653,0.474552868,0.466412704,0.476932446,0.538705972,0.580280239,0.554132847,0.539979158,0.515394964,0.456248148,0.478809503,0.433405221,0.425102189,
Senegal,SEN,Carbon dioxide (CO2) emissions excluding LULUCF per capita (t CO2e/capita),EN.GHG.CO2.PC.CE.AR5,,,,,,,,,,,0.302037826,0.293055162,0.301794889,0.315177677,0.327949232,0.347972561,0.354860561,0.368468048,0.351933587,0.380157797,0.38375623,0.36927479,0.344439408,0.334002477,0.347649401,0.349678235,0.325114507,0.318151586,0.29721722,0.303537346,0.306300493,0.299379901,0.319940453,0.303967658,0.302223612,0.311298436,0.3276823,0.352076454,0.385932708,0.41586137,0.400250395,0.4418903,0.447353742,0.423778138,0.471641728,0.511620696,0.488187314,0.528353292,0.534784789,0.534326996,0.552209888,0.577070718,0.553187541,0.571817252,0.592286573,0.631630983,0.684837249,0.659302015,0.674554736,0.674399352,0.644121683,0.709801661,0.700103557,0.665128001,
Singapore,SGP,Carbon dioxide (CO2) emissions excluding LULUCF per capita (t CO2e/capita),EN.GHG.CO2.PC.CE.AR5,,,,,,,,,,,3.175935295,3.129253632,3.702611039,4.041404469,4.175082967,4.1286131,4.427593424,4.843332043,5.441281441,5.778686805,5.727802415,5.904253534,5.901001562,6.321639082,6.63617621,6.938157288,7.071336404,7.106270062,7.795312054,8.015146196,10.38622547,10.67885603,10.58520481,11.91279477,12.18122706,11.73035313,11.58385421,11.11532603,10.45764515,10.45998924,11.301037,11.09387793,10.82800321,10.31455522,10.68552684,9.782894592,9.535541815,9.449136872,8.868875372,8.774287614,9.630348815,9.904897826,9.442257856,9.748772124,9.849619469,9.970673904,9.449121794,10.13810318,9.61665469,9.801301606,9.476104272,10.21157533,9.89125109,9.643746975,
Solomon Islands,SLB,Carbon dioxide (CO2) emissions excluding LULUCF per capita (t CO2e/capita),EN.GHG.CO2.PC.CE.AR5,,,,,,,,,,,0.373204062,0.364820053,0.380012325,0.445793417,0.532195795,0.427410035,0.407830343,0.41600985,0.399046971,0.413997643,0.430428119,0.586887307,0.502742947,0.533574685,0.460896974,0.443610487,0.338881998,0.435281706,0.514673992,0.480263445,0.481844102,0.484874377,0.51674451,0.508489991,0.507392788,0.447323209,0.439383953,0.440028075,0.440259526,0.428571429,0.535338469,0.576454217,0.592783899,0.59636944,0.603652254,0.618738097,0.609852846,0.647198074,0.645256393,0.632646326,0.672460636,0.674208104,0.64818011,0.660565262,0.606897625,0.521726891,0.488542058,0.485800791,0.499787759,0.494817667,0.491472106,0.503153066,0.518522122,0.523496728,
Sierra Leone,SLE,Carbon dioxide (CO2) emissions excluding LULUCF per capita (t CO2e/capita),EN.GHG.CO2.PC.CE.AR5,,,,,,,,,,,0.133319274,0.130897916,0.127914133,0.129928792,0.137615354,0.140352316,0.142893932,0.14523455,0.144745681,0.163710106,0.157575176,0.147861297,0.145121315,0.149613143,0.136227302,0.147948103,0.159989057,0.234795356,0.232048813,0.199254494,0.150518439,0.196831711,0.124160959,0.121405874,0.124918975,0.13517009,0.151957154,0.146225089,0.152288813,0.155695532,0.098245528,0.116393151,0.116022838,0.118276752,0.114307757,0.103240591,0.127567666,0.115839142,0.110115456,0.108031414,0.11458023,0.137022954,0.150524799,0.16918251,0.175950009,0.144138921,0.145656103,0.138942737,0.134898604,0.129177595,0.131487188,0.131210898,0.133251869,0.127049049,
El Salvador,SLV,Carbon dioxide (CO2) emissions excluding LULUCF per capita (t CO2e/capita),EN.GHG.CO2.PC.CE.AR5,,,,,,,,,,,0.436437458,0.428580211,0.481877286,0.513043452,0.510513141,0.5607884,0.557726153,0.561812643,0.586557381,0.535935727,0.445050659,0.441080042,0.407357354,0.413479552,0.396248189,0.424683321,0.412917161,0.484148957,0.469279902,0.458994082,0.480209551,0.60193879,0.666534303,0.714581401,0.820982515,0.890208848,0.786731265,0.957930581,0.997656604,0.984663251,0.975423691,1.010965037,1.011620726,1.09668941,1.136948219,1.170661675,1.230624364,1.293964682,1.175294566,1.13996064,1.107535304,1.152652482,1.144083841,1.079748141,1.104713567,1.174527902,1.181573345,1.066816576,1.141353743,1.302408524,1.067257256,1.203910239,1.260763983,1.328066458,
San Marino,SMR,Carbon dioxide (CO2) emissions excluding LULUCF per capita (t CO2e/capita),EN.GHG.CO2.PC.CE.AR5,,,,,,,,,,,,,,,,,,,,,,,,,,,,,,,,,,,,,,,,,,,,,,,,,,,,,,,,,,,,,,,,,
"Somalia, Fed. Rep.",SOM,Carbon dioxide (CO2) emissions excluding LULUCF per capita (t CO2e/capita),EN.GHG.CO2.PC.CE.AR5,,,,,,,,,,,0.152817426,0.148865555,0.144284613,0.145368094,0.15284782,0.154948814,0.156832223,0.1583167,0.150034518,0.152997265,0.138035502,0.152385594,0.139544025,0.144633399,0.139117281,0.1317439,0.145481124,0.144127902,0.1299728,0.125301888,0.088623006,0.069873315,0.057920524,0.057787299,0.054747561,0.05422095,0.054219526,0.052412127,0.051291062,0.050717971,0.071333915,0.071609556,0.076889545,0.075324268,0.072152528,0.070958645,0.071705148,0.069604265,0.065720182,0.065018555,0.064607386,0.064419058,0.063308713,0.061594795,0.058128155,0.059078887,0.05785177,0.054958798,0.05350595,0.054550657,0.054680773,0.053649289,0.048657736,0.047291149,
Serbia,SRB,Carbon dioxide (CO2) emissions excluding LULUCF per capita (t CO2e/capita),EN.GHG.CO2.PC.CE.AR5,,,,,,,,,,,,,,,,,,,,,,,,,,,,,,,,,,,,,,,,,,,,,,,,,,,,,,,,,,,,,,,,,
Sub-Saharan Africa (excluding high income),SSA,Carbon dioxide (CO2) emissions excluding LULUCF per capita (t CO2e/capita),EN.GHG.CO2.PC.CE.AR5,,,,,,,,,,,1.026005184,1.04837129,1.101244339,1.221061364,1.28645731,1.217004931,1.262509778,1.19753917,1.110815414,1.183124894,1.166114877,1.120085407,1.086699198,1.066865802,1.085707571,1.083638227,1.04760068,1.05766238,1.058572916,1.03469675,1.021170461,0.989916668,0.971154085,0.941222855,0.925751589,0.95776415,0.994116908,0.997141429,0.97565155,0.931837426,0.933395654,0.941123988,0.922868576,0.951983153,0.978362834,0.975943268,0.952424806,0.951469761,0.97809557,0.907468839,0.925639703,0.905849068,0.907322441,0.930080466,0.938742483,0.896819432,0.886307806,0.873301682,0.869056334,0.863798192,0.765886027,0.785366059,0.752370199,0.721289639,
South Sudan,SSD,Carbon dioxide (CO2) emissions excluding LULUCF per capita (t CO2e/capita),EN.GHG.CO2.PC.CE.AR5,,,,,,,,,,,,,,,,,,,,,,,,,,,,,,,,,,,,,,,,,,,,,,,,,,,,,,,,,,,,,,,,,
Sub-Saharan Africa,SSF,Carbon dioxide (CO2) emissions excluding LULUCF per capita (t CO2e/capita),EN.GHG.CO2.PC.CE.AR5,,,,,,,,,,,0.931965261,0.952053115,0.999480856,1.108145437,1.167523521,1.104655306,1.146085324,1.088377314,1.011089207,1.078415903,1.065456327,1.024110482,0.99250739,0.974948677,0.992071069,0.99031742,0.958061648,0.967433372,0.967561427,0.944971696,0.931663675,0.901852739,0.882382053,0.855349375,0.841099277,0.869776235,0.902456796,0.90473604,0.885089634,0.844981392,0.846947658,0.854790754,0.837886863,0.864005694,0.888239079,0.885114822,0.864069312,0.863222565,0.887424553,0.823837675,0.839652521,0.822580271,0.824777345,0.846352299,0.855969774,0.819171702,0.81188516,0.799649294,0.796751975,0.792791352,0.702733804,0.720071267,0.68942094,0.661241389,
Small states,SST,Carbon dioxide (CO2) emissions excluding LULUCF per capita (t CO2e/capita),EN.GHG.CO2.PC.CE.AR5,,,,,,,,,,,4.36160277,4.283793857,4.524951059,4.932151348,5.080593017,5.202935641,5.437916586,5.618181481,5.81661437,5.856492325,6.041325211,5.969504873,5.928581473,5.807868438,5.738066728,5.556855788,5.453947631,5.448566135,5.351526657,5.13848324,5.659055645,5.434844112,4.713011284,4.41003472,4.692959782,4.467762116,4.615398724,4.6184622,4.632749533,4.635102616,4.683130153,4.850782968,4.755213707,5.214628743,5.360026872,5.716300543,6.062686117,6.278025293,6.10756615,5.755004818,6.220037675,6.143734036,5.954266794,5.893766373,5.845987837,5.569920499,5.426326507,5.412541425,5.450566745,5.106041499,4.754753347,4.767648217,4.738120068,4.635862529,
Sao Tome and Principe,STP,Carbon dioxide (CO2) emissions excluding LULUCF per capita (t CO2e/capita),EN.GHG.CO2.PC.CE.AR5,,,,,,,,,,,0.185504857,0.181520232,0.176453894,0.178748279,0.188964475,0.191447156,0.193427948,0.194959529,0.192976097,0.217138345,0.208028901,0.195795855,0.178522652,0.191607588,0.181401207,0.176701209,0.198830409,0.273000992,0.24371681,0.219205028,0.313059034,0.406533171,0.338771368,0.324219918,0.387999879,0.392156863,0.400841109,0.395185788,0.397865735,0.405077154,0.382591065,0.378479932,0.426888649,0.470698376,0.523762722,0.553084342,0.580180876,0.575132587,0.604742423,0.646039145,0.683160801,0.691627749,0.710518953,0.699981361,0.670844196,0.696486612,0.711869566,0.705416244,0.68605575,0.782128665,0.807137765,0.804195332,0.905415258,0.927357702,
Suriname,SUR,Carbon dioxide (CO2) emissions excluding LULUCF per capita (t CO2e/capita),EN.GHG.CO2.PC.CE.AR5,,,,,,,,,,,1.651899368,1.600277599,1.815994947,1.896293826,1.718164176,1.921670885,1.840381777,2.032373587,2.101430661,2.098505834,2.062992671,1.750124514,1.545059819,1.130308967,0.989290751,1.268825651,1.266790712,0.99392559,1.19459907,1.398842827,2.660408783,3.0160501,2.932548511,2.933335241,2.928440367,2.935480417,2.837089534,2.86028652,2.847360988,2.731326406,3.105049272,3.124588951,2.251128283,2.437333881,2.711495691,3.251218437,2.91620714,2.663384907,2.716823795,2.669951138,3.18080895,3.515385542,4.344217278,4.020421075,4.554610661,4.685133256,5.036264987,4.126067645,3.586744574,4.392275591,4.25253586,4.220289499,4.074689809,4.179771851,
Slovak Republic,SVK,Carbon dioxide (CO2) emissions excluding LULUCF per capita (t CO2e/capita),EN.GHG.CO2.PC.CE.AR5,,,,,,,,,,,9.669489578,9.619921144,9.70014502,9.904329363,9.962357315,10.16118022,10.26349894,10.57555819,11.74221518,11.88149844,12.59823909,12.12713849,11.68620041,11.55815695,11.90749853,11.78057596,11.16492274,11.45376845,11.59380764,11.45539507,11.44045304,9.929526819,9.27303518,9.04442093,8.490551745,8.532974363,8.557046511,8.462537136,8.285032453,8.132419821,7.734972313,7.802553958,7.793897315,7.885436599,7.78163089,7.858108434,7.857430802,7.689657059,7.648469587,6.909393759,7.400006084,7.017748274,6.675371733,6.718688261,6.271637081,6.362991563,6.527014999,6.934600326,6.831625563,6.376854163,5.975129822,6.722368198,6.545512387,6.424040953,
Slovenia,SVN,Carbon dioxide (CO2) emissions excluding LULUCF per capita (t CO2e/capita),EN.GHG.CO2.PC.CE.AR5,,,,,,,,,,,6.048961934,5.970828408,5.797859075,6.60067912,7.024646817,6.702234245,6.366271867,6.847838417,7.126742505,7.468770567,7.507961595,6.066725377,5.910694151,7.208473507,7.256409168,7.045226177,6.896769219,6.489373678,8.65579121,8.065515533,7.500897075,6.957036234,6.651546859,7.0191179,7.076201731,7.526916304,7.910579555,8.172487205,8.095763637,7.784644322,7.560566638,8.48157184,8.626543597,8.545231251,8.712366275,8.815960617,8.941644393,8.880632588,9.34445678,8.280853413,8.377839707,7.834159748,7.544044967,7.531191246,6.85273378,6.929433093,7.275977922,7.427549908,7.398304831,7.045444207,6.383741776,6.527649106,6.217531945,5.695223822,
Sweden,SWE,Carbon dioxide (CO2) emissions excluding LULUCF per capita (t CO2e/capita),EN.GHG.CO2.PC.CE.AR5,,,,,,,,,,,11.95753818,10.98669183,10.97893454,11.0937732,10.23229908,10.41005259,11.23576825,10.72158652,10.02521993,10.38211274,9.461368955,8.537440585,7.796114069,7.092756146,7.02570171,7.49130639,7.671745743,7.412247297,7.170127289,6.784474772,6.676130572,6.688161998,6.943462712,6.912207186,7.168070591,7.096571076,7.663591825,6.98554905,7.11817705,6.963691288,6.535334496,6.526153445,6.653958484,6.659329651,6.456196126,6.039178823,6.067514968,5.776166221,5.608669842,5.045816456,5.638791801,5.128480012,4.803540653,4.5796317,4.411717689,4.377741172,4.296032937,4.163934928,3.874935702,3.807785804,3.650380231,3.828871319,3.452732308,3.358967078,
Eswatini,SWZ,Carbon dioxide (CO2) emissions excluding LULUCF per capita (t CO2e/capita),EN.GHG.CO2.PC.CE.AR5,,,,,,,,,,,0.509047723,0.495605528,0.495933772,0.508519157,0.507111735,0.554687762,0.52624539,0.509671545,1.003140859,0.972454907,1.035290726,0.942594778,0.920878473,0.66741836,0.732979525,0.81280551,0.862219149,0.870110538,0.886223772,0.886965863,1.266580165,1.199860381,0.967017731,0.843801927,1.502246677,1.460172933,1.146345726,1.148181814,1.155294988,1.226932562,1.053375507,1.057499829,1.021010136,0.940939346,0.925398753,0.917219482,0.920294051,0.94608533,0.922327931,0.949280326,0.76921693,0.732488663,0.721084331,0.85151196,0.864473171,0.893059494,0.974939692,0.958387836,0.949672735,0.994851993,0.9683675,1.032493973,1.109673587,1.129779132,
Sint Maarten (Dutch part),SXM,Carbon dioxide (CO2) emissions excluding LULUCF per capita (t CO2e/capita),EN.GHG.CO2.PC.CE.AR5,,,,,,,,,,,,,,,,,,,,,,,,,,,,,,,,,,,,,,,,,,,,,,,,,,,,,,,,,,,,,,,,,
Seychelles,SYC,Carbon dioxide (CO2) emissions excluding LULUCF per capita (t CO2e/capita),EN.GHG.CO2.PC.CE.AR5,,,,,,,,,,,1.994402985,1.954474815,1.897231791,1.935245729,2.050503133,2.082911691,2.115562607,2.146117243,2.167337088,2.482212934,2.413809456,1.825564145,1.543166752,2.922204088,2.949765904,3.060817853,3.002193383,4.294953211,5.825030907,5.548888921,3.818320457,5.354988004,4.492460749,4.419193667,4.286773128,4.495113141,4.595836005,4.821583311,4.818253304,4.865066534,9.378659205,10.25713652,9.00708288,9.166354598,12.86329191,11.6500519,12.52836879,10.17957734,10.63871383,11.71275401,10.25732427,9.017508949,10.17972209,9.036231642,10.16539148,10.47217375,11.50754671,11.77446449,10.38320828,10.95620999,11.42674331,11.53156421,10.03103155,10.33037496,
Syrian Arab Republic,SYR,Carbon dioxide (CO2) emissions excluding LULUCF per capita (t CO2e/capita),EN.GHG.CO2.PC.CE.AR5,,,,,,,,,,,0.993416146,0.965521255,0.89964524,0.826704622,1.087691861,1.230295495,1.366568082,1.45206088,1.438641671,1.771053009,1.604302372,1.745655515,1.999444033,2.283032414,2.469635122,2.151195708,2.166521674,2.658723744,2.52162912,2.3541472,2.623646894,2.781911868,2.680416099,2.672567352,2.73652904,2.771564038,2.898281967,2.810649065,2.908470215,2.785693251,2.758793664,2.698445131,2.62341018,2.570268836,2.619317632,3.125742296,3.135256456,3.113436641,3.081732386,2.8396773,2.788400769,2.564155464,2.0266907,1.439637213,1.331052278,1.318414602,1.284542734,1.394614461,1.463271366,1.329999989,1.214574514,1.172846125,1.126021957,1.084776815,
Turks and Caicos Islands,TCA,Carbon dioxide (CO2) emissions excluding LULUCF per capita (t CO2e/capita),EN.GHG.CO2.PC.CE.AR5,,,,,,,,,,,0.564672666,0.556134863,0.659340659,0.65681445,0.557946756,0.6653257,0.585585586,0.626456876,0.607087392,0.58855735,0.555261766,0.518462317,0.470049415,0.436932275,0.461183705,0.441130133,0.442611407,0.453624168,0.464037123,0.464576074,0.427789185,0.414465664,0.393215112,0.366354045,0.355549359,0.33218177,0.310815097,0.309428467,0.331164304,0.322957848,0.945008009,0.939926441,1.257464679,1.274911401,1.225061253,1.40070035,1.695657366,1.994670727,2.140226784,2.284175178,2.461414304,1.808986578,1.80222243,1.9909072,2.165477889,2.182761918,2.29675062,2.209806329,2.201689165,2.511235695,1.982607128,2.152819221,2.133182106,2.231698342,
Chad,TCD,Carbon dioxide (CO2) emissions excluding LULUCF per capita (t CO2e/capita),EN.GHG.CO2.PC.CE.AR5,,,,,,,,,,,0.041203618,0.040422177,0.039427194,0.039790171,0.0418551,0.042498213,0.043327954,0.044786453,0.044680038,0.049918054,0.048588702,0.04399509,0.039231965,0.040087324,0.019345331,0.022899105,0.038087483,0.046006948,0.025437278,0.024967412,0.039279051,0.045990155,0.037963407,0.019218162,0.021051235,0.020750271,0.020701453,0.02076824,0.020380811,0.020139358,0.028453636,0.027464402,0.028762009,0.041684966,0.045897011,0.046591374,0.046700934,0.051201715,0.042348158,0.041912755,0.042265732,0.053963164,0.092248897,0.096756435,0.098945088,0.109362469,0.1098338,0.138426254,0.139986734,0.141736194,0.124280981,0.122849813,0.135841619,0.133101686,
East Asia & Pacific (IDA & IBRD countries),TEA,Carbon dioxide (CO2) emissions excluding LULUCF per capita (t CO2e/capita),EN.GHG.CO2.PC.CE.AR5,,,,,,,,,,,0.948949078,0.927963255,0.953571188,0.976613948,0.974717038,1.086242144,1.109457434,1.233307245,1.368190555,1.388456067,1.342437594,1.313595333,1.345592563,1.391903501,1.482576542,1.482099727,1.54659701,1.625850953,1.716522678,1.753547059,1.787162899,1.866095771,1.928692118,2.060387296,2.153528075,2.35259634,2.338300407,2.394654558,2.406046292,2.35726363,2.468467724,2.565224363,2.730123082,3.08459406,3.480931694,3.869464066,4.216930539,4.531475909,4.623959571,4.885382864,5.297168523,5.719864123,5.845534735,6.051095357,6.098136935,6.00912398,5.99322854,6.088361741,6.373819036,6.529117168,6.554556973,6.831522536,6.795996207,7.172984446,
Europe & Central Asia (IDA & IBRD countries),TEC,Carbon dioxide (CO2) emissions excluding LULUCF per capita (t CO2e/capita),EN.GHG.CO2.PC.CE.AR5,,,,,,,,,,,8.164975582,8.118001786,8.456036122,8.881972772,9.194442246,9.594298513,9.878311573,10.03000661,10.57387762,10.63355909,10.83906128,10.57596576,10.55986766,10.57633965,10.60375785,10.6467867,10.82945495,11.06100428,11.10747573,10.98804093,11.39213033,10.91852601,9.974842281,9.110891222,8.216302652,8.031625416,7.791674301,7.396313664,7.314864483,7.326824999,7.428897648,7.400760508,7.441566916,7.79197617,7.799832631,7.823146083,8.106494092,8.230460742,8.240418399,7.603861584,7.988845283,8.336905562,8.215735483,7.990665641,7.69450736,7.540498445,7.563682541,7.72445732,7.900637658,7.896484854,7.642163039,8.157907411,8.147932794,8.189460444,
Togo,TGO,Carbon dioxide (CO2) emissions excluding LULUCF per capita (t CO2e/capita),EN.GHG.CO2.PC.CE.AR5,,,,,,,,,,,0.155071359,0.16061426,0.175262495,0.149872445,0.135283626,0.153187536,0.132421158,0.170287954,0.180842932,0.196383335,0.176178937,0.165480546,0.18092854,0.127586995,0.136970395,0.125076611,0.180132087,0.189555293,0.180304116,0.177550097,0.18873346,0.169697441,0.125873455,0.097636266,0.176985702,0.16711133,0.246709161,0.179723727,0.215227057,0.270745434,0.243344552,0.213363368,0.221418683,0.258817863,0.241797255,0.224308429,0.203205368,0.196757,0.249465677,0.413714263,0.375011697,0.334982825,0.311559252,0.260972498,0.231998876,0.201586936,0.266521122,0.22593625,0.241391644,0.233697756,0.255533051,0.277077606,0.278346857,0.267896573,
Thailand,THA,Carbon dioxide (CO2) emissions excluding LULUCF per capita (t CO2e/capita),EN.GHG.CO2.PC.CE.AR5,,,,,,,,,,,0.503623923,0.492319611,0.543893041,0.597104529,0.581569929,0.582342381,0.6505507,0.703102378,0.762753621,0.794495621,0.816790406,0.78803921,0.748083302,0.815807528,0.905512733,0.969201715,0.984228836,1.116376364,1.248825859,1.435610005,1.742192386,1.868970089,2.016747772,2.254427146,2.478374244,2.766944026,3.068531435,3.085870461,2.714568607,2.801378506,2.774582804,2.882773146,3.034655554,3.127484751,3.377601009,3.471456473,3.497249349,3.543681318,3.532948841,3.404862342,3.591217351,3.574268647,3.812528463,3.950864766,3.878392056,3.965614507,3.895124461,3.891777294,3.847028358,3.976937477,3.83072746,3.729278541,3.845649053,3.82358005,
Tajikistan,TJK,Carbon dioxide (CO2) emissions excluding LULUCF per capita (t CO2e/capita),EN.GHG.CO2.PC.CE.AR5,,,,,,,,,,,2.771744146,2.698560537,2.741628413,2.772872709,2.803550249,2.908181931,2.886152727,2.873922368,2.860840417,2.846196105,2.895659252,2.829943476,2.763786939,2.726394743,2.637707906,2.668238146,2.677709094,2.630075891,2.580670261,2.521752816,2.282446662,2.099056072,1.514603321,1.012857134,0.616029751,0.511987391,0.445147904,0.484785488,0.520562393,0.482526009,0.443057663,0.427897406,0.421837053,0.422943347,0.493612665,0.460798415,0.494433917,0.562959615,0.516542904,0.407183758,0.401312522,0.393902197,0.436980695,0.437376258,0.56590951,0.589043758,0.644658006,0.76312362,0.881455515,0.948586805,0.96276557,0.940953804,0.901944585,0.895897986,
Turkmenistan,TKM,Carbon dioxide (CO2) emissions excluding LULUCF per capita (t CO2e/capita),EN.GHG.CO2.PC.CE.AR5,,,,,,,,,,,8.604965531,8.394674227,8.598313598,8.755465708,8.949156835,9.518233603,9.512917815,9.605106504,10.06265867,10.13962682,10.59200206,10.64885059,10.65211617,10.67789306,10.75680096,10.81198842,10.85611515,10.85320577,10.79013295,10.71261139,12.15079023,10.04495974,7.169969546,6.657264507,8.249985061,8.209027337,7.338022557,7.264367392,7.393072951,8.583936049,8.584349279,8.616807642,9.061687212,9.899863586,10.35137905,10.47007308,10.67747792,11.59150778,11.58785107,10.02076091,11.07988058,11.63699584,11.75777897,10.98985561,10.40010811,10.54313464,10.31386433,10.08072615,9.73066884,9.623638878,9.597445263,9.206049653,9.214041728,8.960317135,
Latin America & the Caribbean (IDA & IBRD countries),TLA,Carbon dioxide (CO2) emissions excluding LULUCF per capita (t CO2e/capita),EN.GHG.CO2.PC.CE.AR5,,,,,,,,,,,1.817527064,1.780097966,1.842403289,1.950153379,1.99511138,1.993084769,2.076309247,2.100734962,2.196719999,2.274955313,2.311628787,2.256067436,2.242972201,2.131376116,2.119433287,2.111466917,2.133784831,2.176203895,2.165954893,2.191245534,2.127021474,2.173385893,2.183475896,2.223878277,2.320575781,2.314296353,2.43114459,2.519606593,2.586660362,2.524505747,2.565389636,2.535172557,2.514335028,2.532520845,2.619500202,2.670945141,2.720452572,2.781568743,2.824764527,2.709397537,2.874678546,2.945996048,3.054383019,3.079890135,3.062397792,3.009437863,2.92620225,2.877641595,2.771158405,2.744633622,2.42996289,2.631439327,2.625465378,2.663723365,
Timor-Leste,TLS,Carbon dioxide (CO2) emissions excluding LULUCF per capita (t CO2e/capita),EN.GHG.CO2.PC.CE.AR5,,,,,,,,,,,0.00253133,0.002486829,0.002617975,0.002573539,0.002538814,0.002507699,0.002468648,0.002425948,0.002226552,0.002191887,0.002000397,0.002119629,0.00209221,0.002065789,0.002184115,0.002153115,0.002262491,0.002226936,0.002189546,0.00228232,0.002235827,0.002312798,0.002377026,0.00231302,0.002368285,0.00230376,0.002241444,0.002180588,0.068538932,0.195879463,0.30640676,0.153155005,0.120456027,0.287824552,0.555176445,0.368655431,0.349069268,0.311775728,0.30103765,0.318479158,0.308293975,0.333991769,0.554064949,0.654615753,0.629493283,0.576866747,0.537974065,0.549890829,0.533167602,0.503172694,0.490101074,0.493134411,0.520048638,0.507770793,
"Middle East, North Africa, Afghanistan & Pakistan (IDA & IBRD)",TMN,Carbon dioxide (CO2) emissions excluding LULUCF per capita (t CO2e/capita),EN.GHG.CO2.PC.CE.AR5,,,,,,,,,,,1.188130006,1.162624659,1.224322042,1.35144411,1.337815206,1.355439528,1.533439801,1.551985557,1.557952511,1.577255836,1.467750009,1.381071195,1.497559719,1.589798246,1.604441371,1.663183089,1.648716461,1.683170396,1.675154579,1.71155316,1.77296514,1.785608779,1.89915683,1.945543352,2.029745877,2.06130081,2.056898111,2.108553122,2.03011194,2.064979997,2.107546923,2.158566228,2.154750693,2.16884758,2.266095317,2.365039498,2.436441104,2.499067036,2.522539583,2.548117682,2.538913569,2.498417564,2.563578568,2.55762275,2.576203178,2.531913279,2.558421258,2.644816683,2.603461482,2.613469705,2.52084209,2.608291013,2.594666615,2.557474312,
Tonga,TON,Carbon dioxide (CO2) emissions excluding LULUCF per capita (t CO2e/capita),EN.GHG.CO2.PC.CE.AR5,,,,,,,,,,,0.223930996,0.220033529,0.231237694,0.273633241,0.327514529,0.264467785,0.253868345,0.264667873,0.261306119,0.279873698,0.299685995,0.444290106,0.436823842,0.431641462,0.385753648,0.426600261,0.229568411,0.585508661,0.740635957,0.872207076,0.899699097,0.9519996,0.999780048,1.012956655,1.409659964,1.162384635,1.323360758,1.422412937,1.477492405,1.466985477,0.984641156,0.929440012,1.0195044,1.201370807,1.064042409,1.146956119,1.252670513,1.070029796,1.155858718,1.220115109,1.175046555,1.115552663,1.099013586,1.115074992,1.236293371,1.269616853,1.357037262,1.678119898,1.490048974,1.788604037,1.818285022,1.910133662,2.024904324,2.103310802,
South Asia (IDA & IBRD),TSA,Carbon dioxide (CO2) emissions excluding LULUCF per capita (t CO2e/capita),EN.GHG.CO2.PC.CE.AR5,,,,,,,,,,,0.344830361,0.338264034,0.345043234,0.337031378,0.351164754,0.365122763,0.380960613,0.379842658,0.36639248,0.385380823,0.39210237,0.419978083,0.432907057,0.450195101,0.482074898,0.491982864,0.522173115,0.547035759,0.567598907,0.594366102,0.61290509,0.643933098,0.655215649,0.670820866,0.699632925,0.73626457,0.756805169,0.781732376,0.786874042,0.825086108,0.839448502,0.841533861,0.857840669,0.870220971,0.921710516,0.947233275,0.994130761,1.065952471,1.118621864,1.204453201,1.262796235,1.324208449,1.428482903,1.451142809,1.544915955,1.545161334,1.565635602,1.63736792,1.711211982,1.676812648,1.52014645,1.657088064,1.763829629,1.878579564,
Sub-Saharan Africa (IDA & IBRD countries),TSS,Carbon dioxide (CO2) emissions excluding LULUCF per capita (t CO2e/capita),EN.GHG.CO2.PC.CE.AR5,,,,,,,,,,,0.931965261,0.952053115,0.999480856,1.108145437,1.167523521,1.104655306,1.146085324,1.088377314,1.011089207,1.078415903,1.065456327,1.024110482,0.99250739,0.974948677,0.992071069,0.99031742,0.958061648,0.967433372,0.967561427,0.944971696,0.931663675,0.901852739,0.882382053,0.855349375,0.841099277,0.869776235,0.902456796,0.90473604,0.885089634,0.844981392,0.846947658,0.854790754,0.837886863,0.864005694,0.888239079,0.885114822,0.864069312,0.863222565,0.887424553,0.823837675,0.839652521,0.822580271,0.824777345,0.846352299,0.855969774,0.819171702,0.81188516,0.799649294,0.796751975,0.792791352,0.702733804,0.720071267,0.68942094,0.661241389,
Trinidad and Tobago,TTO,Carbon dioxide (CO2) emissions excluding LULUCF per capita (t CO2e/capita),EN.GHG.CO2.PC.CE.AR5,,,,,,,,,,,6.990118723,6.854082198,6.337439072,6.489851155,6.511389262,5.762960277,6.650404994,7.296624347,7.476906474,7.249112752,7.863826328,8.159932061,9.08376578,9.592653037,9.927074879,9.995906907,9.70988859,9.860896166,10.38795385,10.29268686,10.11692946,10.24591755,10.44237753,10.11280268,11.11103349,10.66802865,11.43183943,11.37171896,13.70245569,14.03467538,14.49740637,16.39343768,17.63971919,20.27505604,21.4153622,27.05280982,29.70397798,30.2512761,29.44328501,28.5735658,31.13156573,31.06582059,28.50185067,27.82022697,27.60604545,27.19478212,24.87534115,23.96440305,23.97606521,24.33017958,21.78353363,20.95611301,20.4446462,19.90201169,
Tunisia,TUN,Carbon dioxide (CO2) emissions excluding LULUCF per capita (t CO2e/capita),EN.GHG.CO2.PC.CE.AR5,,,,,,,,,,,0.830222419,0.812424525,0.891679639,0.873431214,0.937749465,0.929620901,0.965700483,1.058946242,1.146735263,1.323241258,1.425525586,1.440839124,1.370399566,1.559329723,1.587192543,1.600277359,1.606160072,1.584713813,1.647300625,1.738983226,1.774579137,1.793520381,1.866971218,1.897987223,1.87636498,1.886771446,1.918299042,1.95006618,2.010078532,2.088150089,2.163803446,2.230143904,2.183820613,2.141043279,2.244091502,2.286164888,2.342513007,2.392445216,2.411702577,2.38140641,2.575576027,2.412411865,2.56498687,2.532805462,2.678803309,2.694026379,2.589924912,2.600172113,2.565514775,2.546609998,2.398084459,2.574078596,2.513166153,2.58167109,
Turkiye,TUR,Carbon dioxide (CO2) emissions excluding LULUCF per capita (t CO2e/capita),EN.GHG.CO2.PC.CE.AR5,,,,,,,,,,,1.240477733,1.326333749,1.501105081,1.588762826,1.617797101,1.714001024,1.862957752,2.012977816,1.948266785,1.762256661,1.801799937,1.769829316,1.878737577,1.937055046,2.00456412,2.131022845,2.284360555,2.434628405,2.313252924,2.51426772,2.769898429,2.675286832,2.741223944,2.788569879,2.725374737,2.922907869,3.139873114,3.252673867,3.232082752,3.167005881,3.47027994,3.120552503,3.241916577,3.386052516,3.438657254,3.549305818,3.911451708,4.28042733,4.21561191,4.183302631,4.267659619,4.482810993,4.577613759,4.384122346,4.604101139,4.702266072,4.934894769,5.393643979,5.268730271,5.008961068,5.070409816,5.474391947,5.104096776,5.136954501,
Tuvalu,TUV,Carbon dioxide (CO2) emissions excluding LULUCF per capita (t CO2e/capita),EN.GHG.CO2.PC.CE.AR5,,,,,,,,,,,0,0,0,0,0,0,0,0,0,0,0,0,0,0,0,0,0,0,0,0,0,0,0,0,0,0,0,0,0,0,0,0,0,0,0,0,0,0,0,0,0,0,0,0,0,0,0,0,0,0,0,0,0,0,
Tanzania,TZA,Carbon dioxide (CO2) emissions excluding LULUCF per capita (t CO2e/capita),EN.GHG.CO2.PC.CE.AR5,,,,,,,,,,,0.116211186,0.112257489,0.126684231,0.126914536,0.112289008,0.101168886,0.09431645,0.092739387,0.093699764,0.095540898,0.091293439,0.089554036,0.079142799,0.074995704,0.075884797,0.077447506,0.079216787,0.078009593,0.078975567,0.07749985,0.07980404,0.082504258,0.074540415,0.075831128,0.072293807,0.096763055,0.113366089,0.103783988,0.087932132,0.080023231,0.090834424,0.093385195,0.103523394,0.106641883,0.14283777,0.157543975,0.16387681,0.150653382,0.147505112,0.139276768,0.163841549,0.193059357,0.223794525,0.237456366,0.223568261,0.253809224,0.262646711,0.255109842,0.260129573,0.287343157,0.275490064,0.30711083,0.293323534,0.290816515,
Uganda,UGA,Carbon dioxide (CO2) emissions excluding LULUCF per capita (t CO2e/capita),EN.GHG.CO2.PC.CE.AR5,,,,,,,,,,,0.090751408,0.0888474,0.085193586,0.076703329,0.078197991,0.070105175,0.084936033,0.077032807,0.058516655,0.05887482,0.054038415,0.043049612,0.039456145,0.036809477,0.037240692,0.037600639,0.040187285,0.043530939,0.045475291,0.041403357,0.047251273,0.046502787,0.04574919,0.044535502,0.038843688,0.048955594,0.052026348,0.053106587,0.060233242,0.060011314,0.058837132,0.058038423,0.064109518,0.065630383,0.066673995,0.079382651,0.089476965,0.104777086,0.109903377,0.117782653,0.1128592,0.122678941,0.12097874,0.119195036,0.127326044,0.143205247,0.148732632,0.149352666,0.158849224,0.157915287,0.15280556,0.165023884,0.152622807,0.148333419,
Ukraine,UKR,Carbon dioxide (CO2) emissions excluding LULUCF per capita (t CO2e/capita),EN.GHG.CO2.PC.CE.AR5,,,,,,,,,,,10.09756692,10.02363364,10.47849962,11.02194971,11.44884458,11.91389894,12.2176163,12.37497259,13.19065234,13.41569334,13.70974309,13.43581312,13.34088213,13.2899207,13.28566317,13.27333254,13.49566713,13.85911977,13.96004161,13.83508864,15.0909308,14.20448053,12.39161526,10.81181161,8.995316806,8.954446406,7.735067288,7.501869823,7.215933725,7.269270408,7.264858043,7.311881406,7.388393366,8.113813443,7.66588327,7.48273909,7.515197015,7.783519373,7.489089673,6.23415788,6.766214907,7.195809747,7.02924489,6.833021259,5.856825337,4.936916314,4.980389695,4.523703991,4.829840279,4.623106137,4.446227345,4.380606267,3.370030661,3.609532557,
Upper middle income,UMC,Carbon dioxide (CO2) emissions excluding LULUCF per capita (t CO2e/capita),EN.GHG.CO2.PC.CE.AR5,,,,,,,,,,,1.845672702,1.804159597,1.866785111,1.954732063,1.983200999,2.102153339,2.180900349,2.287358319,2.4213947,2.448078972,2.41946163,2.357772012,2.38398279,2.396971184,2.466004359,2.468961707,2.521038404,2.603122937,2.665079871,2.688325062,2.764734468,2.783662198,2.767725324,2.802546077,2.830587745,2.970369953,2.937154765,2.99369999,2.995040455,2.935978295,3.052135831,3.114737461,3.24839921,3.561389436,3.894314933,4.213540839,4.522315162,4.802419862,4.907181882,5.026693025,5.391922179,5.738486969,5.870062841,6.034491519,6.033764363,5.902620113,5.872681709,5.952084841,6.130047272,6.220646036,6.152979377,6.440511336,6.39040172,6.662186565,
Uruguay,URY,Carbon dioxide (CO2) emissions excluding LULUCF per capita (t CO2e/capita),EN.GHG.CO2.PC.CE.AR5,,,,,,,,,,,1.94162477,1.923382536,2.061032504,1.936038952,1.86419215,1.971994764,1.995474844,1.922521044,1.994452638,2.140784917,1.895118249,1.788882867,1.659826341,1.316892723,1.176557575,1.100483686,1.07150217,1.20741822,1.544413374,1.655047946,1.268617509,1.427929056,1.560530267,1.467678597,1.371581369,1.493773202,1.741807752,1.758359716,1.821299795,2.115355953,1.704301566,1.530915009,1.403777585,1.397970124,1.749875424,1.691444717,1.969444652,1.851841174,2.392906255,2.361838391,1.941041048,2.334989066,2.655033083,2.283178048,1.998638991,2.04265596,2.016581624,1.886090287,2.018804348,2.101138406,2.028762848,2.512471682,2.568747709,2.602446636,
United States,USA,Carbon dioxide (CO2) emissions excluding LULUCF per capita (t CO2e/capita),EN.GHG.CO2.PC.CE.AR5,,,,,,,,,,,22.40925668,21.47692152,22.4433872,23.10824694,22.1070506,20.90824316,22.08826702,22.61275206,22.32883438,22.24750172,21.03830124,20.52258025,19.27376891,19.02993644,19.73852984,19.67459441,19.33737387,19.81476501,20.53747459,20.57803127,19.96534975,19.52402473,19.55919092,19.75905147,19.83107523,19.79760063,20.14410752,20.90447192,20.82670362,20.6497237,21.01261815,20.62631384,19.91117273,19.96875246,20.08219708,19.9254743,19.40547459,19.49649028,18.70975171,17.18972167,17.84795541,17.0213054,16.18638953,16.49695241,16.42583405,15.95083626,15.50532546,15.18565268,15.57885548,15.04105548,13.46906783,14.31854031,14.33048617,13.90128498,
Uzbekistan,UZB,Carbon dioxide (CO2) emissions excluding LULUCF per capita (t CO2e/capita),EN.GHG.CO2.PC.CE.AR5,,,,,,,,,,,4.602487979,4.491941592,4.609194659,4.736862081,4.875807886,5.228877464,5.139463747,5.183220391,5.320723749,5.364748662,5.627743929,5.683075656,5.72820338,5.780168437,5.840612202,5.896425237,5.968001841,6.018076003,5.99604946,5.913711658,6.247430974,6.11175166,5.464212624,5.34014191,4.986691398,4.514497577,4.577093481,4.502516103,5.079820206,5.04252164,5.271570393,5.258501867,5.35900422,4.984116103,5.044002251,4.728645833,4.990755661,4.781635461,4.925554216,4.394379135,4.776275611,4.79911388,4.190240122,4.062613912,3.732002858,3.488009143,3.635121316,3.708879595,3.763443484,3.798193104,3.663313203,3.904187212,3.975831561,3.867915196,
St. Vincent and the Grenadines,VCT,Carbon dioxide (CO2) emissions excluding LULUCF per capita (t CO2e/capita),EN.GHG.CO2.PC.CE.AR5,,,,,,,,,,,0.116710433,0.115616484,0.139073525,0.138817116,0.123548556,0.147429448,0.132414993,0.145099462,0.144003892,0.142059182,0.139138111,0.135144138,0.125508403,0.122615549,0.134649493,0.134554771,0.117129236,0.12363524,0.155433859,0.256129125,0.261152649,0.248614354,0.300420411,0.243047856,0.447227191,0.48829248,0.434940196,0.525008618,0.585792543,0.592770319,0.366374565,0.425546911,0.48876459,0.528544029,0.568086143,0.586038239,0.64991876,0.698460518,0.732247721,1.121185797,0.880328122,0.626434627,0.801942319,0.75923614,0.855535407,0.887247569,0.949703335,1.031581538,0.969254522,0.973436885,0.794003439,0.884861096,0.89469455,0.950425866,
"Venezuela, RB",VEN,Carbon dioxide (CO2) emissions excluding LULUCF per capita (t CO2e/capita),EN.GHG.CO2.PC.CE.AR5,,,,,,,,,,,5.176913168,4.90368459,4.889976015,5.364255749,5.128897527,4.709269719,4.825476228,4.817470242,5.039050589,5.543173801,5.914465241,5.784144968,5.743556859,5.461175007,5.518923953,5.272934628,5.16462823,5.282141638,4.956086105,5.14740331,5.173684787,5.190078294,5.11146556,5.184450178,5.641092726,5.403373308,5.888616829,5.78552319,5.743979674,5.482034786,5.616151177,5.735786525,5.822307577,5.522772188,5.683224657,5.821561302,5.839545771,5.640874981,5.849464541,5.810618484,6.135771363,5.926193032,6.557181463,6.450983642,6.343541312,5.754227812,5.295943017,4.971591499,4.722444537,4.129462828,2.542856286,2.520643763,2.759258253,2.989143013,
British Virgin Islands,VGB,Carbon dioxide (CO2) emissions excluding LULUCF per capita (t CO2e/capita),EN.GHG.CO2.PC.CE.AR5,,,,,,,,,,,0.734923991,0.723130263,0.869565217,0.868139288,0.762340385,0.914576655,0.821738724,0.898148148,0.891052728,0.875512996,0.853548967,1.219618434,1.098901099,1.03476152,0.741029641,0.723490843,0.444412065,1.190643934,1.239782016,1.231884058,1.165308202,1.136714648,1.114927982,1.059509094,1.057106745,1.00896861,1.279597528,1.284922158,1.283917247,1.26710593,1.368509461,1.327178304,1.441903873,1.554170055,1.551505616,1.576167336,1.829094027,1.915950485,2.088405356,2.329340877,2.547425474,1.922675026,1.878398418,2.062896256,2.123657545,2.078381355,2.27876498,2.052050521,2.493002857,2.178870724,1.731520129,1.880504642,1.86330541,1.93151212,
Virgin Islands (U.S.),VIR,Carbon dioxide (CO2) emissions excluding LULUCF per capita (t CO2e/capita),EN.GHG.CO2.PC.CE.AR5,,,,,,,,,,,0.001575399,0.001409702,0.00131029,0.001188764,0.00111184,0.00105838,0.001039869,0.001072927,0.001042438,0.001039685,0.001003653,0.001001472,0.00099932,0.001993064,0.001988072,0.001984915,0.001983301,0.001982141,0.00198114,0.001979395,0.001923761,0.001908269,0.001891933,0.00187656,0.00186362,0.001854978,0.001850224,0.001845751,0.00184269,0.001841638,0.001840909,0.001842486,0.001843165,0.001843233,0.001843896,0.001844117,0.001845546,0.001846091,0.00184507,0.00184495,0.001845751,0.001846893,0.001848634,0.001851149,0.001853877,0.001856803,0.001860188,0.001864263,0.001869141,0.001874959,0.001881645,0.001889109,0.001897299,0.001906269,
Viet Nam,VNM,Carbon dioxide (CO2) emissions excluding LULUCF per capita (t CO2e/capita),EN.GHG.CO2.PC.CE.AR5,,,,,,,,,,,0.422044676,0.41273731,0.391013708,0.426105815,0.347372194,0.399204843,0.284286875,0.301283598,0.297176779,0.303167426,0.309921294,0.311439877,0.329390573,0.34687826,0.33953449,0.334469894,0.359270266,0.391566723,0.376667475,0.316868906,0.314077409,0.309698763,0.317802416,0.365025434,0.421460118,0.476726282,0.528697081,0.600995146,0.662279219,0.669643548,0.732528345,0.796089633,0.927432238,0.975515529,1.143802302,1.239502911,1.254923197,1.366235668,1.476183584,1.628072758,1.792016781,1.771157298,1.74437693,1.800403131,1.950599075,2.162230813,2.387814049,2.420792373,2.949586532,3.488039818,3.589588132,3.447766333,3.259415781,3.71639615,
Vanuatu,VUT,Carbon dioxide (CO2) emissions excluding LULUCF per capita (t CO2e/capita),EN.GHG.CO2.PC.CE.AR5,,,,,,,,,,,0.870563142,0.845130652,0.874817064,1.021597677,1.217355542,0.975376238,0.931442721,0.953872704,0.917581368,0.959837226,1.009856476,0.855821191,0.823728674,0.795174116,0.692319191,0.853048575,0.669309004,0.643646993,0.827673421,0.685628805,0.692272884,0.629146272,0.343812657,0.340517863,0.341673096,0.302745652,0.299571122,0.301787821,0.304520702,0.298272983,0.456299891,0.51771702,0.496775808,0.558417104,0.424381778,0.422755741,0.371891832,0.5915689,0.566779494,0.619599452,0.649743125,0.737655766,0.593451541,0.593362202,0.673608976,0.598269078,0.609731446,0.681850007,0.870437041,0.845933866,0.839529141,0.860174977,0.887409518,0.896666448,
World,WLD,Carbon dioxide (CO2) emissions excluding LULUCF per capita (t CO2e/capita),EN.GHG.CO2.PC.CE.AR5,,,,,,,,,,,4.145908312,4.041303888,4.162851714,4.324702459,4.234022417,4.145460573,4.307005673,4.359514397,4.425002987,4.466800992,4.332840462,4.179580443,4.054326423,4.01543702,4.075429883,4.052951485,4.043198376,4.100656593,4.168263964,4.165752193,4.152282676,4.10588606,4.013460083,3.967626007,3.942403985,3.989752535,4.004801499,4.015593472,3.97872601,3.947935355,4.014311053,4.013703292,4.017515146,4.154895177,4.286389478,4.392482616,4.481823855,4.591713609,4.563765442,4.457641535,4.676268763,4.76575658,4.778306754,4.815000291,4.780934636,4.698554466,4.653810873,4.675166753,4.743040093,4.707865165,4.466608391,4.671219862,4.631816731,4.676258585,
Samoa,WSM,Carbon dioxide (CO2) emissions excluding LULUCF per capita (t CO2e/capita),EN.GHG.CO2.PC.CE.AR5,,,,,,,,,,,0.469373219,0.462446405,0.486377285,0.576728821,0.693965777,0.558874165,0.537192976,0.557736005,0.547792409,0.583244312,0.622558148,0.611426985,0.684149828,0.676008014,0.75301566,0.666470881,0.503408934,0.571391081,0.573818208,0.70807262,0.731179234,0.756931652,0.735626515,0.83132488,0.84719824,0.76301333,0.765032288,0.781201597,0.798188983,0.791568437,1.036959573,1.111560006,1.140016588,1.155152888,1.130744326,1.164842923,1.1651013,1.261436904,1.28401374,1.295995572,1.363049999,1.374844001,1.364390477,1.405673129,1.431735129,1.628985737,1.740057691,1.758878368,1.726546618,1.919153399,1.930698675,2.007213056,2.103957521,2.16188274,
Kosovo,XKX,Carbon dioxide (CO2) emissions excluding LULUCF per capita (t CO2e/capita),EN.GHG.CO2.PC.CE.AR5,,,,,,,,,,,,,,,,,,,,,,,,,,,,,,,,,,,,,,,,,,,,,,,,,,,,,,,,,,,,,,,,,
"Yemen, Rep.",YEM,Carbon dioxide (CO2) emissions excluding LULUCF per capita (t CO2e/capita),EN.GHG.CO2.PC.CE.AR5,,,,,,,,,,,0.230351837,0.226070767,0.258040543,0.305273332,0.295183494,0.274454184,0.325699332,0.32104865,0.341160663,0.353017293,0.429859175,0.416499618,0.448315332,0.475450781,0.468446289,0.48127154,0.489032891,0.515371492,0.533985686,0.530358255,0.511763438,0.616914484,0.640108332,0.557591105,0.620794399,0.666407488,0.659798026,0.687470292,0.709264381,0.774563807,0.802287346,0.829100075,0.807080902,0.910447191,0.92507108,0.966288629,0.974579243,1.000194012,1.005338456,1.065816652,0.984657208,0.833853674,0.773794512,0.982040294,0.938063592,0.457351862,0.331022352,0.314049887,0.356586038,0.355001429,0.318360139,0.310937762,0.292772318,0.276683903,
South Africa,ZAF,Carbon dioxide (CO2) emissions excluding LULUCF per capita (t CO2e/capita),EN.GHG.CO2.PC.CE.AR5,,,,,,,,,,,8.329112804,8.040622012,8.094468589,8.572781154,8.604192675,8.988877013,9.295185344,9.038276995,8.004023896,7.982706112,8.22560982,8.398412968,8.31842733,8.099753739,8.341535668,8.202052885,7.879821501,8.067954431,7.919307702,7.607121881,7.711869465,7.343380566,7.059861615,6.970379302,7.012358542,7.301031751,7.454470355,7.691038298,7.728992027,7.29232093,7.3642784,7.513709142,7.72159136,8.115215998,8.690525633,8.815496243,8.812379675,9.103039579,9.545388393,8.833346389,8.870813228,8.390151524,8.56950729,8.645864171,8.706711224,8.110416316,8.042260059,8.151473574,8.081821301,8.031639317,6.914741347,6.967724602,6.563286881,6.286315669,
Zambia,ZMB,Carbon dioxide (CO2) emissions excluding LULUCF per capita (t CO2e/capita),EN.GHG.CO2.PC.CE.AR5,,,,,,,,,,,0.856141007,0.868222464,0.933467183,0.971656028,0.952744579,0.957638806,0.929733067,0.817692853,0.755062691,0.666083305,0.645615685,0.575987555,0.540167678,0.50861631,0.484173671,0.470523833,0.470280346,0.452172506,0.477390062,0.481064184,0.388894718,0.392826045,0.383652045,0.339697497,0.278256197,0.268218025,0.220200836,0.270486409,0.247015315,0.197843841,0.194666783,0.190340415,0.194018585,0.203740214,0.202889383,0.210806225,0.198333772,0.175772786,0.181325647,0.196376843,0.209178356,0.227687107,0.291699626,0.29729209,0.315174628,0.324408264,0.343079986,0.40577204,0.448224835,0.379537707,0.392310459,0.39608017,0.387387685,0.388873461,
Zimbabwe,ZWE,Carbon dioxide (CO2) emissions excluding LULUCF per capita (t CO2e/capita),EN.GHG.CO2.PC.CE.AR5,,,,,,,,,,,1.827003415,1.763220057,1.640232785,1.844537554,1.760345736,1.50323235,1.598160043,1.39841588,1.360403144,1.38208689,1.390893134,1.252561299,1.15828957,1.103982958,1.118538214,1.25074639,1.38186387,1.70273626,1.599264288,1.573047923,1.717294805,1.840589973,1.794061312,1.627231248,1.521960338,1.482149826,1.408567209,1.297864954,1.291126146,1.430098024,1.227323621,1.213182434,1.096656233,0.887558316,0.83229715,0.91612627,0.842096017,0.818740434,0.634570989,0.604163956,0.753562972,1.165517162,0.921993355,0.907383632,0.886702448,0.881275682,0.771648845,0.714627029,0.816125523,0.73138176,0.584283212,0.672479507,0.682242939,0.718697015,
